tabla,mes,variable,n,vacios,pct_vacios,distintos_no_vacios,espacios_externos,no_numericos_no_vacios,min_numerico,max_numerico
personas,ANUAL,area,334786,0,0.0,2,0,0,1.0,2.0
personas,ANUAL,ciudad,334786,0,0.0,741,0,0,10150.0,240352.0
personas,ANUAL,conglomerado,334786,0,0.0,737,0,0,10150.0,240352.0
personas,ANUAL,panelm,334786,0,0.0,27,0,0,40.0,76.0
personas,ANUAL,vivienda,334786,0,0.0,10,0,0,1.0,10.0
personas,ANUAL,hogar,334786,0,0.0,7,0,0,1.0,7.0
personas,ANUAL,p01,334786,0,0.0,20,0,0,1.0,20.0
personas,ANUAL,p02,334786,0,0.0,2,0,0,1.0,2.0
personas,ANUAL,p03,334786,0,0.0,99,0,0,0.0,98.0
personas,ANUAL,p04,334786,0,0.0,9,0,0,1.0,9.0
personas,ANUAL,p05a,334786,0,0.0,9,0,0,1.0,10.0
personas,ANUAL,p05b,334786,0,0.0,6,0,0,4.0,10.0
personas,ANUAL,p06,334786,50310,15.027510110936538,6,50310,0,1.0,6.0
personas,ANUAL,p07,334786,17399,5.197051250649669,2,17399,0,1.0,2.0
personas,ANUAL,p08,334786,245547,73.3444648223044,6,245547,0,1.0,6.0
personas,ANUAL,p09,334786,106638,31.85258642834527,17,106638,0,1.0,17.0
personas,ANUAL,p10a,334786,17399,5.197051250649669,9,17399,0,1.0,10.0
personas,ANUAL,p10b,334786,26482,7.910127663641848,11,26482,0,0.0,10.0
personas,ANUAL,p11,334786,198026,59.1500241945601,2,198026,0,1.0,2.0
personas,ANUAL,p12a,334786,263508,78.7093845023388,2,263508,0,1.0,2.0
personas,ANUAL,p12b,334786,286507,85.57914608137736,1052,286507,0,10110102.0,69999900.0
personas,ANUAL,p15,334786,17399,5.197051250649669,8,17399,0,1.0,8.0
personas,ANUAL,p15aa,334786,0,0.0,3,0,0,1.0,3.0
personas,ANUAL,p15ab,334786,213192,63.68008220176471,1036,213192,0,12.0,900851.0
personas,ANUAL,cod_inf,334786,17399,5.197051250649669,14,17399,0,1.0,15.0
personas,ANUAL,p20,334786,17399,5.197051250649669,2,17399,0,1.0,2.0
personas,ANUAL,p21,334786,172315,51.47019289934466,11,172315,0,1.0,12.0
personas,ANUAL,p22,334786,178449,53.30240810547633,2,178449,0,1.0,2.0
personas,ANUAL,p23,334786,331855,99.12451536205218,7,331855,0,1.0,7.0
personas,ANUAL,p24,334786,170805,51.01915850722551,99,170805,0,1.0,124.0
personas,ANUAL,p25,334786,265785,79.38952046979264,9,265785,0,1.0,9.0
personas,ANUAL,p26,334786,239806,71.62963803743287,5,239806,0,1.0,5.0
personas,ANUAL,p27,334786,178254,53.24416194225565,4,178254,0,1.0,4.0
personas,ANUAL,p28,334786,302351,90.31172151762618,2,302351,0,1.0,2.0
personas,ANUAL,p29,334786,303121,90.54171918777966,47,303121,0,1.0,60.0
personas,ANUAL,p30,334786,303121,90.54171918777966,7,303121,0,1.0,7.0
personas,ANUAL,p31,334786,314059,93.80888089705066,5,314059,0,1.0,5.0
personas,ANUAL,p32,334786,181380,54.17789274342416,11,181380,0,1.0,11.0
personas,ANUAL,p33,334786,327980,97.96705955446166,45,327980,0,1.0,96.0
personas,ANUAL,p34,334786,188186,56.2108331889625,12,188186,0,1.0,12.0
personas,ANUAL,p35,334786,333804,99.7066782959861,2,333804,0,1.0,2.0
personas,ANUAL,p36,334786,188926,56.43186991092818,6,188926,0,1.0,6.0
personas,ANUAL,p37,334786,327240,97.74602283249598,2,327240,0,1.0,2.0
personas,ANUAL,p38,334786,329840,98.52263834210513,9,329840,0,1.0,9.0
personas,ANUAL,p39,334786,329840,98.52263834210513,60,329840,0,1.0,416.0
personas,ANUAL,p40,334786,165859,49.541796849330616,373,165859,0,111.0,9900.0
personas,ANUAL,p41,334786,165859,49.541796849330616,417,165859,0,110.0,9629.0
personas,ANUAL,p42,334786,165859,49.541796849330616,10,165859,0,1.0,10.0
personas,ANUAL,p42a,334786,272440,81.37735747611907,2,272440,0,1.0,2.0
personas,ANUAL,p43,334786,251628,75.16084901997097,6,251628,0,1.0,6.0
personas,ANUAL,p44a,334786,251628,75.16084901997097,2,251628,0,1.0,2.0
personas,ANUAL,p44b,334786,251628,75.16084901997097,2,251628,0,1.0,2.0
personas,ANUAL,p44c,334786,251628,75.16084901997097,2,251628,0,1.0,2.0
personas,ANUAL,p44d,334786,251628,75.16084901997097,2,251628,0,1.0,2.0
personas,ANUAL,p44e,334786,251628,75.16084901997097,2,251628,0,1.0,2.0
personas,ANUAL,p44f,334786,251628,75.16084901997097,2,251628,0,1.0,2.0
personas,ANUAL,p44g,334786,251628,75.16084901997097,2,251628,0,1.0,2.0
personas,ANUAL,p44h,334786,251628,75.16084901997097,2,251628,0,1.0,2.0
personas,ANUAL,p44i,334786,251628,75.16084901997097,2,251628,0,1.0,2.0
personas,ANUAL,p44j,334786,251628,75.16084901997097,2,251628,0,1.0,2.0
personas,ANUAL,p44k,334786,251628,75.16084901997097,2,251628,0,1.0,2.0
personas,ANUAL,p45,334786,170805,51.01915850722551,84,170805,0,0.0,86.0
personas,ANUAL,p46,334786,170805,51.01915850722551,12,170805,0,1.0,12.0
personas,ANUAL,p47a,334786,170805,51.01915850722551,2,170805,0,1.0,2.0
personas,ANUAL,p47b,334786,200125,59.77699186943302,87,200125,0,1.0,98.0
personas,ANUAL,p48,334786,204362,61.04257645182296,4,204362,0,1.0,4.0
personas,ANUAL,p49,334786,204362,61.04257645182296,3,204362,0,1.0,3.0
personas,ANUAL,p50,334786,170805,51.01915850722551,2,170805,0,1.0,2.0
personas,ANUAL,p51a,334786,170805,51.01915850722551,93,170805,0,1.0,118.0
personas,ANUAL,p51b,334786,324047,96.7922792470414,39,324047,0,1.0,45.0
personas,ANUAL,p51c,334786,324047,96.7922792470414,17,324047,0,0.0,20.0
personas,ANUAL,p52,334786,324047,96.7922792470414,225,324047,0,111.0,9700.0
personas,ANUAL,p53,334786,324047,96.7922792470414,251,324047,0,1113.0,9629.0
personas,ANUAL,p54,334786,324047,96.7922792470414,9,324047,0,1.0,10.0
personas,ANUAL,p54a,334786,328689,98.1788366299666,2,328689,0,1.0,2.0
personas,ANUAL,p55,334786,324047,96.7922792470414,11,324047,0,1.0,11.0
personas,ANUAL,p56a,334786,324047,96.7922792470414,2,324047,0,1.0,2.0
personas,ANUAL,p56b,334786,324122,96.81468161751089,31,324122,0,1.0,85.0
personas,ANUAL,p57,334786,324204,96.83917487589086,4,324204,0,1.0,4.0
personas,ANUAL,p58,334786,324204,96.83917487589086,3,324204,0,1.0,3.0
personas,ANUAL,p61b1,334786,67897,20.280716636896408,6,67897,0,1.0,6.0
personas,ANUAL,p63,334786,272440,81.37735747611907,927,272440,0,0.0,999999.0
personas,ANUAL,p64a,334786,272440,81.37735747611907,2,272440,0,1.0,2.0
personas,ANUAL,p64b,334786,309600,92.476985298071,253,309600,0,0.0,999999.0
personas,ANUAL,p65,334786,272440,81.37735747611907,949,272440,0,0.0,999999.0
personas,ANUAL,p66,334786,251628,75.16084901997097,1676,251628,0,0.0,999999.0
personas,ANUAL,p67,334786,251628,75.16084901997097,674,251628,0,0.0,999999.0
personas,ANUAL,p68a,334786,251628,75.16084901997097,2,251628,0,1.0,2.0
personas,ANUAL,p68b,334786,294941,88.09836731524018,431,294941,0,0.0,999999.0
personas,ANUAL,p69,334786,327208,97.73646448776232,215,327208,0,0.0,999999.0
personas,ANUAL,p70a,334786,327208,97.73646448776232,2,327208,0,1.0,2.0
personas,ANUAL,p70b,334786,331595,99.04685381109128,141,331595,0,0.0,999999.0
personas,ANUAL,p71a,334786,17399,5.197051250649669,2,17399,0,1.0,2.0
personas,ANUAL,p71b,334786,328707,98.18421319887928,165,328707,0,5.0,999999.0
personas,ANUAL,p72a,334786,17399,5.197051250649669,2,17399,0,1.0,2.0
personas,ANUAL,p72b,334786,307932,91.97875657882946,906,307932,0,2.0,999999.0
personas,ANUAL,p73a,334786,17399,5.197051250649669,2,17399,0,1.0,2.0
personas,ANUAL,p73b,334786,258549,77.22813976689586,347,258549,0,1.0,999999.0
personas,ANUAL,p74a,334786,17399,5.197051250649669,2,17399,0,1.0,2.0
personas,ANUAL,p74b,334786,332047,99.18186543045408,80,332047,0,3.0,3000.0
personas,ANUAL,p75,334786,17399,5.197051250649669,2,17399,0,1.0,2.0
personas,ANUAL,p76,334786,319274,95.3665923903628,75,319274,0,50.0,322.0
personas,ANUAL,p77,334786,17399,5.197051250649669,2,17399,0,1.0,2.0
personas,ANUAL,p78,334786,333901,99.73565202845998,4,333901,0,240.0,480.0
personas,ANUAL,sd01,334786,327240,97.74602283249598,1,327240,0,2.0,2.0
personas,ANUAL,sd021,334786,327240,97.74602283249598,2,327240,0,1.0,2.0
personas,ANUAL,sd022,334786,327240,97.74602283249598,2,327240,0,1.0,2.0
personas,ANUAL,sd023,334786,327240,97.74602283249598,2,327240,0,1.0,2.0
personas,ANUAL,sd024,334786,327240,97.74602283249598,2,327240,0,1.0,2.0
personas,ANUAL,sd025,334786,327240,97.74602283249598,2,327240,0,1.0,2.0
personas,ANUAL,sd026,334786,327240,97.74602283249598,1,327240,0,2.0,2.0
personas,ANUAL,sd027,334786,327240,97.74602283249598,1,327240,0,2.0,2.0
personas,ANUAL,sd028,334786,327240,97.74602283249598,1,327240,0,2.0,2.0
personas,ANUAL,sd029,334786,327240,97.74602283249598,1,327240,0,2.0,2.0
personas,ANUAL,sd0210,334786,327240,97.74602283249598,1,327240,0,2.0,2.0
personas,ANUAL,sd0211,334786,327240,97.74602283249598,2,327240,0,1.0,2.0
personas,ANUAL,sd03,334786,327240,97.74602283249598,9,327240,0,1.0,9.0
personas,ANUAL,ced01a,334786,0,0.0,3,0,0,1.0,3.0
personas,ANUAL,estrato,334786,0,0.0,150,0,0,111.0,2913.0
personas,ANUAL,fexp,334786,0,0.0,15449,0,0,0.72462169285626,4819.20396602893
personas,ANUAL,nnivins,334786,17399,5.197051250649669,5,17399,0,1.0,5.0
personas,ANUAL,ingrl,334786,188650,56.34942918760044,2932,188650,0,-1.0,999999.0
personas,ANUAL,ingpc,334786,2134,0.6374221144253344,11874,2134,0,0.25,26667.0
personas,ANUAL,condact,334786,0,0.0,10,0,0,0.0,9.0
personas,ANUAL,empleo,334786,172880,51.638957423548185,1,172880,0,1.0,1.0
personas,ANUAL,desempleo,334786,327247,97.74811372040648,1,327247,0,1.0,1.0
personas,ANUAL,secemp,334786,172880,51.638957423548185,4,172880,0,1.0,4.0
personas,ANUAL,grupo1,334786,172880,51.638957423548185,10,172880,0,1.0,10.0
personas,ANUAL,rama1,334786,172880,51.638957423548185,21,172880,0,1.0,21.0
personas,ANUAL,prov,334786,0,0.0,24,0,0,1.0,24.0
personas,ANUAL,dominio,334786,0,0.0,6,0,0,1.0,6.0
personas,ANUAL,pobreza,334786,2134,0.6374221144253344,2,2134,0,0.0,1.0
personas,ANUAL,epobreza,334786,2134,0.6374221144253344,2,2134,0,0.0,1.0
personas,ANUAL,upm,334786,0,0.0,7780,0,0,10150000204.0,240352003103.0
personas,ANUAL,id_vivienda,334786,0,0.0,104333,0,0,1.0150000204067011e+17,2.4035200310306606e+18
personas,ANUAL,id_hogar,334786,0,0.0,104738,0,0,1.015000020406701e+18,2.4035200310306607e+19
personas,ANUAL,id_persona,334786,0,0.0,334786,0,0,1.015000020406701e+20,2.4035200310306606e+21
personas,ANUAL,periodo,334786,0,0.0,12,0,0,202501.0,202512.0
personas,ANUAL,mes,334786,0,0.0,12,0,0,1.0,12.0
personas,01,area,28320,0,0.0,2,0,0,1.0,2.0
personas,01,ciudad,28320,0,0.0,343,0,0,10150.0,240352.0
personas,01,conglomerado,28320,0,0.0,343,0,0,10150.0,240352.0
personas,01,panelm,28320,0,0.0,4,0,0,40.0,62.0
personas,01,vivienda,28320,0,0.0,10,0,0,1.0,10.0
personas,01,hogar,28320,0,0.0,4,0,0,1.0,4.0
personas,01,p01,28320,0,0.0,16,0,0,1.0,16.0
personas,01,p02,28320,0,0.0,2,0,0,1.0,2.0
personas,01,p03,28320,0,0.0,99,0,0,0.0,98.0
personas,01,p04,28320,0,0.0,9,0,0,1.0,9.0
personas,01,p05a,28320,0,0.0,8,0,0,1.0,10.0
personas,01,p05b,28320,0,0.0,4,0,0,4.0,10.0
personas,01,p06,28320,4266,15.063559322033898,6,4266,0,1.0,6.0
personas,01,p07,28320,1459,5.151836158192091,2,1459,0,1.0,2.0
personas,01,p08,28320,20676,73.00847457627118,6,20676,0,1.0,6.0
personas,01,p09,28320,9103,32.14336158192091,16,9103,0,1.0,17.0
personas,01,p10a,28320,1459,5.151836158192091,9,1459,0,1.0,10.0
personas,01,p10b,28320,2285,8.068502824858758,11,2285,0,0.0,10.0
personas,01,p11,28320,16547,58.42867231638418,2,16547,0,1.0,2.0
personas,01,p12a,28320,22387,79.05014124293785,2,22387,0,1.0,2.0
personas,01,p12b,28320,24303,85.8156779661017,490,24303,0,10110201.0,69999900.0
personas,01,p15,28320,1459,5.151836158192091,8,1459,0,1.0,8.0
personas,01,p15aa,28320,0,0.0,3,0,0,1.0,3.0
personas,01,p15ab,28320,18059,63.76765536723163,707,18059,0,32.0,240352.0
personas,01,cod_inf,28320,1459,5.151836158192091,12,1459,0,1.0,13.0
personas,01,p20,28320,1459,5.151836158192091,2,1459,0,1.0,2.0
personas,01,p21,28320,14118,49.85169491525424,9,14118,0,1.0,12.0
personas,01,p22,28320,14534,51.32062146892656,2,14534,0,1.0,2.0
personas,01,p23,28320,27764,98.0367231638418,5,27764,0,1.0,7.0
personas,01,p24,28320,14689,51.86793785310735,84,14689,0,1.0,105.0
personas,01,p25,28320,21827,77.07274011299435,9,21827,0,1.0,9.0
personas,01,p26,28320,21182,74.795197740113,5,21182,0,1.0,5.0
personas,01,p27,28320,15232,53.78531073446327,4,15232,0,1.0,4.0
personas,01,p28,28320,25365,89.5656779661017,2,25365,0,1.0,2.0
personas,01,p29,28320,25439,89.82697740112995,40,25439,0,1.0,49.0
personas,01,p30,28320,25439,89.82697740112995,7,25439,0,1.0,7.0
personas,01,p31,28320,26515,93.62641242937852,5,26515,0,1.0,5.0
personas,01,p32,28320,15090,53.28389830508474,10,15090,0,1.0,11.0
personas,01,p33,28320,27694,97.78954802259886,29,27694,0,1.0,52.0
personas,01,p34,28320,15716,55.49435028248587,12,15716,0,1.0,12.0
personas,01,p35,28320,28210,99.61158192090396,2,28210,0,1.0,2.0
personas,01,p36,28320,15797,55.780367231638415,6,15797,0,1.0,6.0
personas,01,p37,28320,27613,97.50353107344633,2,27613,0,1.0,2.0
personas,01,p38,28320,27844,98.31920903954804,7,27844,0,1.0,9.0
personas,01,p39,28320,27844,98.31920903954804,33,27844,0,1.0,104.0
personas,01,p40,28320,14213,50.18714689265536,316,14213,0,111.0,9900.0
personas,01,p41,28320,14213,50.18714689265536,362,14213,0,110.0,9629.0
personas,01,p42,28320,14213,50.18714689265536,9,14213,0,1.0,10.0
personas,01,p42a,28320,23153,81.75494350282486,2,23153,0,1.0,2.0
personas,01,p43,28320,21458,75.76977401129945,6,21458,0,1.0,6.0
personas,01,p44a,28320,21458,75.76977401129945,2,21458,0,1.0,2.0
personas,01,p44b,28320,21458,75.76977401129945,2,21458,0,1.0,2.0
personas,01,p44c,28320,21458,75.76977401129945,2,21458,0,1.0,2.0
personas,01,p44d,28320,21458,75.76977401129945,2,21458,0,1.0,2.0
personas,01,p44e,28320,21458,75.76977401129945,2,21458,0,1.0,2.0
personas,01,p44f,28320,21458,75.76977401129945,2,21458,0,1.0,2.0
personas,01,p44g,28320,21458,75.76977401129945,2,21458,0,1.0,2.0
personas,01,p44h,28320,21458,75.76977401129945,2,21458,0,1.0,2.0
personas,01,p44i,28320,21458,75.76977401129945,2,21458,0,1.0,2.0
personas,01,p44j,28320,21458,75.76977401129945,2,21458,0,1.0,2.0
personas,01,p44k,28320,21458,75.76977401129945,2,21458,0,1.0,2.0
personas,01,p45,28320,14689,51.86793785310735,78,14689,0,0.0,80.0
personas,01,p46,28320,14689,51.86793785310735,10,14689,0,1.0,11.0
personas,01,p47a,28320,14689,51.86793785310735,2,14689,0,1.0,2.0
personas,01,p47b,28320,17126,60.47316384180791,61,17126,0,1.0,97.0
personas,01,p48,28320,17462,61.659604519774014,4,17462,0,1.0,4.0
personas,01,p49,28320,17462,61.659604519774014,3,17462,0,1.0,3.0
personas,01,p50,28320,14689,51.86793785310735,2,14689,0,1.0,2.0
personas,01,p51a,28320,14689,51.86793785310735,76,14689,0,1.0,105.0
personas,01,p51b,28320,27465,96.98093220338984,28,27465,0,1.0,36.0
personas,01,p51c,28320,27465,96.98093220338984,13,27465,0,0.0,15.0
personas,01,p52,28320,27465,96.98093220338984,125,27465,0,111.0,9700.0
personas,01,p53,28320,27465,96.98093220338984,121,27465,0,1113.0,9629.0
personas,01,p54,28320,27465,96.98093220338984,8,27465,0,1.0,10.0
personas,01,p54a,28320,27809,98.19562146892656,2,27809,0,1.0,2.0
personas,01,p55,28320,27465,96.98093220338984,9,27465,0,1.0,11.0
personas,01,p56a,28320,27465,96.98093220338984,2,27465,0,1.0,2.0
personas,01,p56b,28320,27466,96.98446327683617,13,27466,0,1.0,50.0
personas,01,p57,28320,27469,96.99505649717514,4,27469,0,1.0,4.0
personas,01,p58,28320,27469,96.99505649717514,3,27469,0,1.0,3.0
personas,01,p61b1,28320,5783,20.420197740113,5,5783,0,1.0,5.0
personas,01,p63,28320,23153,81.75494350282486,303,23153,0,0.0,999999.0
personas,01,p64a,28320,23153,81.75494350282486,2,23153,0,1.0,2.0
personas,01,p64b,28320,26201,92.51765536723164,142,26201,0,0.0,999999.0
personas,01,p65,28320,23153,81.75494350282486,303,23153,0,0.0,999999.0
personas,01,p66,28320,21458,75.76977401129945,770,21458,0,0.0,999999.0
personas,01,p67,28320,21458,75.76977401129945,276,21458,0,0.0,999999.0
personas,01,p68a,28320,21458,75.76977401129945,2,21458,0,1.0,2.0
personas,01,p68b,28320,24922,88.00141242937853,199,24922,0,1.0,999999.0
personas,01,p69,28320,27689,97.77189265536722,71,27689,0,0.0,4000.0
personas,01,p70a,28320,27689,97.77189265536722,2,27689,0,1.0,2.0
personas,01,p70b,28320,28054,99.06073446327684,60,28054,0,3.0,300.0
personas,01,p71a,28320,1459,5.151836158192091,2,1459,0,1.0,2.0
personas,01,p71b,28320,27810,98.19915254237289,64,27810,0,25.0,999999.0
personas,01,p72a,28320,1459,5.151836158192091,2,1459,0,1.0,2.0
personas,01,p72b,28320,26068,92.04802259887006,280,26068,0,50.0,999999.0
personas,01,p73a,28320,1459,5.151836158192091,2,1459,0,1.0,2.0
personas,01,p73b,28320,21744,76.77966101694915,138,21744,0,1.0,999999.0
personas,01,p74a,28320,1459,5.151836158192091,2,1459,0,1.0,2.0
personas,01,p74b,28320,28079,99.14901129943505,32,28079,0,30.0,2000.0
personas,01,p75,28320,1459,5.151836158192091,2,1459,0,1.0,2.0
personas,01,p76,28320,27040,95.48022598870055,36,27040,0,50.0,194.0
personas,01,p77,28320,1459,5.151836158192091,2,1459,0,1.0,2.0
personas,01,p78,28320,28240,99.7175141242938,2,28240,0,240.0,480.0
personas,01,sd01,28320,27613,97.50353107344633,1,27613,0,2.0,2.0
personas,01,sd021,28320,27613,97.50353107344633,2,27613,0,1.0,2.0
personas,01,sd022,28320,27613,97.50353107344633,2,27613,0,1.0,2.0
personas,01,sd023,28320,27613,97.50353107344633,2,27613,0,1.0,2.0
personas,01,sd024,28320,27613,97.50353107344633,2,27613,0,1.0,2.0
personas,01,sd025,28320,27613,97.50353107344633,2,27613,0,1.0,2.0
personas,01,sd026,28320,27613,97.50353107344633,1,27613,0,2.0,2.0
personas,01,sd027,28320,27613,97.50353107344633,1,27613,0,2.0,2.0
personas,01,sd028,28320,27613,97.50353107344633,1,27613,0,2.0,2.0
personas,01,sd029,28320,27613,97.50353107344633,1,27613,0,2.0,2.0
personas,01,sd0210,28320,27613,97.50353107344633,1,27613,0,2.0,2.0
personas,01,sd0211,28320,27613,97.50353107344633,1,27613,0,2.0,2.0
personas,01,sd03,28320,27613,97.50353107344633,8,27613,0,1.0,9.0
personas,01,ced01a,28320,0,0.0,3,0,0,1.0,3.0
personas,01,estrato,28320,0,0.0,150,0,0,111.0,2913.0
personas,01,fexp,28320,0,0.0,1287,0,0,0.925646713964069,1112.22187301654
personas,01,nnivins,28320,1459,5.151836158192091,5,1459,0,1.0,5.0
personas,01,ingrl,28320,16237,57.3340395480226,1763,16237,0,-1.0,999999.0
personas,01,ingpc,28320,252,0.8898305084745763,3651,252,0,0.25,13114.0
personas,01,condact,28320,0,0.0,10,0,0,0.0,9.0
personas,01,empleo,28320,14871,52.51059322033898,1,14871,0,1.0,1.0
personas,01,desempleo,28320,27613,97.50353107344633,1,27613,0,1.0,1.0
personas,01,secemp,28320,14871,52.51059322033898,4,14871,0,1.0,4.0
personas,01,grupo1,28320,14871,52.51059322033898,10,14871,0,1.0,10.0
personas,01,rama1,28320,14871,52.51059322033898,21,14871,0,1.0,21.0
personas,01,prov,28320,0,0.0,24,0,0,1.0,24.0
personas,01,dominio,28320,0,0.0,6,0,0,1.0,6.0
personas,01,pobreza,28320,252,0.8898305084745763,2,252,0,0.0,1.0
personas,01,epobreza,28320,252,0.8898305084745763,2,252,0,0.0,1.0
personas,01,upm,28320,0,0.0,1288,0,0,10150000401.0,240352002703.0
personas,01,id_vivienda,28320,0,0.0,8765,0,0,1.015000040105301e+17,2.4035200270304005e+18
personas,01,id_hogar,28320,0,0.0,8795,0,0,1.015000040105301e+18,2.4035200270304006e+19
personas,01,id_persona,28320,0,0.0,28320,0,0,1.015000040105301e+20,2.403520027030401e+21
personas,01,periodo,28320,0,0.0,1,0,0,202501.0,202501.0
personas,01,mes,28320,0,0.0,1,0,0,1.0,1.0
personas,02,area,28303,0,0.0,2,0,0,1.0,2.0
personas,02,ciudad,28303,0,0.0,358,0,0,10150.0,240352.0
personas,02,conglomerado,28303,0,0.0,358,0,0,10150.0,240352.0
personas,02,panelm,28303,0,0.0,4,0,0,47.0,63.0
personas,02,vivienda,28303,0,0.0,10,0,0,1.0,10.0
personas,02,hogar,28303,0,0.0,7,0,0,1.0,7.0
personas,02,p01,28303,0,0.0,17,0,0,1.0,17.0
personas,02,p02,28303,0,0.0,2,0,0,1.0,2.0
personas,02,p03,28303,0,0.0,99,0,0,0.0,98.0
personas,02,p04,28303,0,0.0,9,0,0,1.0,9.0
personas,02,p05a,28303,0,0.0,8,0,0,1.0,10.0
personas,02,p05b,28303,0,0.0,5,0,0,4.0,10.0
personas,02,p06,28303,4298,15.185669363671694,6,4298,0,1.0,6.0
personas,02,p07,28303,1524,5.384588206197223,2,1524,0,1.0,2.0
personas,02,p08,28303,20685,73.08412535773593,6,20685,0,1.0,6.0
personas,02,p09,28303,9142,32.300462848461294,16,9142,0,1.0,17.0
personas,02,p10a,28303,1524,5.384588206197223,9,1524,0,1.0,10.0
personas,02,p10b,28303,2305,8.144013002155248,11,2305,0,0.0,10.0
personas,02,p11,28303,16631,58.76055541815355,2,16631,0,1.0,2.0
personas,02,p12a,28303,22413,79.1894852135816,2,22413,0,1.0,2.0
personas,02,p12b,28303,24419,86.27707310179133,483,24419,0,10110301.0,60910101.0
personas,02,p15,28303,1524,5.384588206197223,8,1524,0,1.0,8.0
personas,02,p15aa,28303,0,0.0,3,0,0,1.0,3.0
personas,02,p15ab,28303,17886,63.19471434123592,682,17886,0,32.0,240351.0
personas,02,cod_inf,28303,1524,5.384588206197223,10,1524,0,1.0,10.0
personas,02,p20,28303,1524,5.384588206197223,2,1524,0,1.0,2.0
personas,02,p21,28303,14606,51.6058368370844,9,14606,0,1.0,12.0
personas,02,p22,28303,15160,53.56322651309049,2,15160,0,1.0,2.0
personas,02,p23,28303,28151,99.46295445712468,6,28151,0,1.0,7.0
personas,02,p24,28303,14515,51.28431615023143,86,14515,0,1.0,98.0
personas,02,p25,28303,22813,80.60276295799031,9,22813,0,1.0,9.0
personas,02,p26,28303,20005,70.68155319224111,5,20005,0,1.0,5.0
personas,02,p27,28303,15123,53.43249832173268,4,15123,0,1.0,4.0
personas,02,p28,28303,25491,90.0646574568067,2,25491,0,1.0,2.0
personas,02,p29,28303,25540,90.23778398049676,39,25540,0,1.0,48.0
personas,02,p30,28303,25540,90.23778398049676,7,25540,0,1.0,7.0
personas,02,p31,28303,26535,93.75331236971346,5,26535,0,1.0,5.0
personas,02,p32,28303,15312,54.1002720559658,10,15312,0,1.0,11.0
personas,02,p33,28303,27676,97.78468713563932,30,27676,0,1.0,54.0
personas,02,p34,28303,15939,56.31558492032647,10,15939,0,1.0,12.0
personas,02,p35,28303,28193,99.6113486202876,2,28193,0,1.0,2.0
personas,02,p36,28303,16014,56.58057449740311,6,16014,0,1.0,6.0
personas,02,p37,28303,27601,97.5196975585627,2,27601,0,1.0,2.0
personas,02,p38,28303,27836,98.34999823340284,8,27836,0,1.0,9.0
personas,02,p39,28303,27836,98.34999823340284,38,27836,0,1.0,260.0
personas,02,p40,28303,14048,49.63431438363424,301,14048,0,111.0,9900.0
personas,02,p41,28303,14048,49.63431438363424,363,14048,0,110.0,9629.0
personas,02,p42,28303,14048,49.63431438363424,9,14048,0,1.0,10.0
personas,02,p42a,28303,23150,81.79344945765466,2,23150,0,1.0,2.0
personas,02,p43,28303,21340,75.39836766420521,6,21340,0,1.0,6.0
personas,02,p44a,28303,21340,75.39836766420521,2,21340,0,1.0,2.0
personas,02,p44b,28303,21340,75.39836766420521,2,21340,0,1.0,2.0
personas,02,p44c,28303,21340,75.39836766420521,2,21340,0,1.0,2.0
personas,02,p44d,28303,21340,75.39836766420521,2,21340,0,1.0,2.0
personas,02,p44e,28303,21340,75.39836766420521,2,21340,0,1.0,2.0
personas,02,p44f,28303,21340,75.39836766420521,2,21340,0,1.0,2.0
personas,02,p44g,28303,21340,75.39836766420521,2,21340,0,1.0,2.0
personas,02,p44h,28303,21340,75.39836766420521,2,21340,0,1.0,2.0
personas,02,p44i,28303,21340,75.39836766420521,2,21340,0,1.0,2.0
personas,02,p44j,28303,21340,75.39836766420521,2,21340,0,1.0,2.0
personas,02,p44k,28303,21340,75.39836766420521,2,21340,0,1.0,2.0
personas,02,p45,28303,14515,51.28431615023143,76,14515,0,0.0,80.0
personas,02,p46,28303,14515,51.28431615023143,10,14515,0,1.0,11.0
personas,02,p47a,28303,14515,51.28431615023143,2,14515,0,1.0,2.0
personas,02,p47b,28303,16953,59.89824400240257,57,16953,0,1.0,90.0
personas,02,p48,28303,17325,61.21259230470268,4,17325,0,1.0,4.0
personas,02,p49,28303,17325,61.21259230470268,3,17325,0,1.0,3.0
personas,02,p50,28303,14515,51.28431615023143,2,14515,0,1.0,2.0
personas,02,p51a,28303,14515,51.28431615023143,72,14515,0,1.0,98.0
personas,02,p51b,28303,27352,96.63993216266827,27,27352,0,1.0,40.0
personas,02,p51c,28303,27352,96.63993216266827,12,27352,0,0.0,16.0
personas,02,p52,28303,27352,96.63993216266827,122,27352,0,111.0,9700.0
personas,02,p53,28303,27352,96.63993216266827,127,27352,0,1113.0,9621.0
personas,02,p54,28303,27352,96.63993216266827,8,27352,0,1.0,10.0
personas,02,p54a,28303,27765,98.09914143377028,2,27765,0,1.0,2.0
personas,02,p55,28303,27352,96.63993216266827,9,27352,0,1.0,11.0
personas,02,p56a,28303,27352,96.63993216266827,2,27352,0,1.0,2.0
personas,02,p56b,28303,27359,96.66466452319544,17,27359,0,1.0,50.0
personas,02,p57,28303,27363,96.6787973006395,4,27363,0,1.0,4.0
personas,02,p58,28303,27363,96.6787973006395,3,27363,0,1.0,3.0
personas,02,p61b1,28303,5759,20.347666325124543,6,5759,0,1.0,6.0
personas,02,p63,28303,23150,81.79344945765466,304,23150,0,0.0,999999.0
personas,02,p64a,28303,23150,81.79344945765466,2,23150,0,1.0,2.0
personas,02,p64b,28303,26073,92.1209765749214,142,26073,0,0.0,999999.0
personas,02,p65,28303,23150,81.79344945765466,306,23150,0,0.0,999999.0
personas,02,p66,28303,21340,75.39836766420521,502,21340,0,0.0,999999.0
personas,02,p67,28303,21340,75.39836766420521,270,21340,0,0.0,999999.0
personas,02,p68a,28303,21340,75.39836766420521,2,21340,0,1.0,2.0
personas,02,p68b,28303,24894,87.95534042327668,216,24894,0,1.0,999999.0
personas,02,p69,28303,27653,97.70342366533583,75,27653,0,0.0,3000.0
personas,02,p70a,28303,27653,97.70342366533583,2,27653,0,1.0,2.0
personas,02,p70b,28303,28018,98.99303960710878,57,28018,0,0.0,650.0
personas,02,p71a,28303,1524,5.384588206197223,2,1524,0,1.0,2.0
personas,02,p71b,28303,27781,98.15567254354664,66,27781,0,5.0,999999.0
personas,02,p72a,28303,1524,5.384588206197223,2,1524,0,1.0,2.0
personas,02,p72b,28303,26074,92.1245097692824,240,26074,0,50.0,999999.0
personas,02,p73a,28303,1524,5.384588206197223,2,1524,0,1.0,2.0
personas,02,p73b,28303,21577,76.23573472776738,137,21577,0,1.0,999999.0
personas,02,p74a,28303,1524,5.384588206197223,2,1524,0,1.0,2.0
personas,02,p74b,28303,28065,99.1590997420768,35,28065,0,6.0,3000.0
personas,02,p75,28303,1524,5.384588206197223,2,1524,0,1.0,2.0
personas,02,p76,28303,27035,95.51990955022436,33,27035,0,50.0,200.0
personas,02,p77,28303,1524,5.384588206197223,2,1524,0,1.0,2.0
personas,02,p78,28303,28229,99.7385436172844,1,28229,0,240.0,240.0
personas,02,sd01,28303,27601,97.5196975585627,1,27601,0,2.0,2.0
personas,02,sd021,28303,27601,97.5196975585627,2,27601,0,1.0,2.0
personas,02,sd022,28303,27601,97.5196975585627,2,27601,0,1.0,2.0
personas,02,sd023,28303,27601,97.5196975585627,2,27601,0,1.0,2.0
personas,02,sd024,28303,27601,97.5196975585627,2,27601,0,1.0,2.0
personas,02,sd025,28303,27601,97.5196975585627,2,27601,0,1.0,2.0
personas,02,sd026,28303,27601,97.5196975585627,1,27601,0,2.0,2.0
personas,02,sd027,28303,27601,97.5196975585627,1,27601,0,2.0,2.0
personas,02,sd028,28303,27601,97.5196975585627,1,27601,0,2.0,2.0
personas,02,sd029,28303,27601,97.5196975585627,1,27601,0,2.0,2.0
personas,02,sd0210,28303,27601,97.5196975585627,1,27601,0,2.0,2.0
personas,02,sd0211,28303,27601,97.5196975585627,1,27601,0,2.0,2.0
personas,02,sd03,28303,27601,97.5196975585627,9,27601,0,1.0,9.0
personas,02,ced01a,28303,0,0.0,3,0,0,1.0,3.0
personas,02,estrato,28303,0,0.0,150,0,0,111.0,2913.0
personas,02,fexp,28303,0,0.0,1286,0,0,1.43195175446138,2269.7014948674
personas,02,nnivins,28303,1524,5.384588206197223,5,1524,0,1.0,5.0
personas,02,ingrl,28303,16132,56.99749143200368,1314,16132,0,-1.0,999999.0
personas,02,ingpc,28303,196,0.6925060947602727,3313,196,0,0.8,8000.0
personas,02,condact,28303,0,0.0,10,0,0,0.0,9.0
personas,02,empleo,28303,14709,51.96975585626965,1,14709,0,1.0,1.0
personas,02,desempleo,28303,27602,97.52323075292372,1,27602,0,1.0,1.0
personas,02,secemp,28303,14709,51.96975585626965,4,14709,0,1.0,4.0
personas,02,grupo1,28303,14709,51.96975585626965,10,14709,0,1.0,10.0
personas,02,rama1,28303,14709,51.96975585626965,21,14709,0,1.0,21.0
personas,02,prov,28303,0,0.0,24,0,0,1.0,24.0
personas,02,dominio,28303,0,0.0,6,0,0,1.0,6.0
personas,02,pobreza,28303,196,0.6925060947602727,2,196,0,0.0,1.0
personas,02,epobreza,28303,196,0.6925060947602727,2,196,0,0.0,1.0
personas,02,upm,28303,0,0.0,1288,0,0,10150001601.0,240352002701.0
personas,02,id_vivienda,28303,0,0.0,8732,0,0,1.015000160106301e+17,2.403520027010471e+18
personas,02,id_hogar,28303,0,0.0,8766,0,0,1.015000160106301e+18,2.4035200270104707e+19
personas,02,id_persona,28303,0,0.0,28303,0,0,1.015000160106301e+20,2.403520027010471e+21
personas,02,periodo,28303,0,0.0,1,0,0,202502.0,202502.0
personas,02,mes,28303,0,0.0,1,0,0,2.0,2.0
personas,03,area,27932,0,0.0,2,0,0,1.0,2.0
personas,03,ciudad,27932,0,0.0,340,0,0,10150.0,240352.0
personas,03,conglomerado,27932,0,0.0,340,0,0,10150.0,240352.0
personas,03,panelm,27932,0,0.0,4,0,0,51.0,64.0
personas,03,vivienda,27932,0,0.0,10,0,0,1.0,10.0
personas,03,hogar,27932,0,0.0,3,0,0,1.0,3.0
personas,03,p01,27932,0,0.0,20,0,0,1.0,20.0
personas,03,p02,27932,0,0.0,2,0,0,1.0,2.0
personas,03,p03,27932,0,0.0,99,0,0,0.0,98.0
personas,03,p04,27932,0,0.0,9,0,0,1.0,9.0
personas,03,p05a,27932,0,0.0,7,0,0,1.0,10.0
personas,03,p05b,27932,0,0.0,5,0,0,4.0,10.0
personas,03,p06,27932,4198,15.02935700988114,6,4198,0,1.0,6.0
personas,03,p07,27932,1430,5.119576113418302,2,1430,0,1.0,2.0
personas,03,p08,27932,20662,73.9725046541601,6,20662,0,1.0,6.0
personas,03,p09,27932,8700,31.1470714592582,16,8700,0,1.0,17.0
personas,03,p10a,27932,1430,5.119576113418302,9,1430,0,1.0,10.0
personas,03,p10b,27932,2258,8.083918086782186,11,2258,0,0.0,10.0
personas,03,p11,27932,16303,58.36674781612488,2,16303,0,1.0,2.0
personas,03,p12a,27932,22066,78.99899756551625,2,22066,0,1.0,2.0
personas,03,p12b,27932,23973,85.82629242445941,478,23973,0,10110301.0,60730201.0
personas,03,p15,27932,1430,5.119576113418302,8,1430,0,1.0,8.0
personas,03,p15aa,27932,0,0.0,3,0,0,1.0,3.0
personas,03,p15ab,27932,17403,62.3048832879851,710,17403,0,32.0,240352.0
personas,03,cod_inf,27932,1430,5.119576113418302,9,1430,0,1.0,11.0
personas,03,p20,27932,1430,5.119576113418302,2,1430,0,1.0,2.0
personas,03,p21,27932,14421,51.62895603608764,8,14421,0,1.0,12.0
personas,03,p22,27932,14907,53.36889589001862,2,14907,0,1.0,2.0
personas,03,p23,27932,27676,99.08348847200344,6,27676,0,1.0,7.0
personas,03,p24,27932,14199,50.83416869540313,82,14199,0,1.0,96.0
personas,03,p25,27932,21776,77.96076185020765,9,21776,0,1.0,9.0
personas,03,p26,27932,20355,72.87340684519548,5,20355,0,1.0,5.0
personas,03,p27,27932,14836,53.11470714592582,4,14836,0,1.0,4.0
personas,03,p28,27932,25131,89.97207503938135,2,25131,0,1.0,2.0
personas,03,p29,27932,25191,90.18688242875554,37,25191,0,1.0,46.0
personas,03,p30,27932,25191,90.18688242875554,7,25191,0,1.0,7.0
personas,03,p31,27932,26192,93.77058570814836,5,26192,0,1.0,5.0
personas,03,p32,27932,15163,54.285407418015176,10,15163,0,1.0,11.0
personas,03,p33,27932,27320,97.80896462838322,29,27320,0,1.0,56.0
personas,03,p34,27932,15775,56.47644278963197,11,15775,0,1.0,12.0
personas,03,p35,27932,27815,99.58112559072032,2,27815,0,1.0,2.0
personas,03,p36,27932,15853,56.755692395818414,6,15853,0,1.0,6.0
personas,03,p37,27932,27242,97.52971502219675,2,27242,0,1.0,2.0
personas,03,p38,27932,27501,98.45696691966204,9,27501,0,1.0,9.0
personas,03,p39,27932,27501,98.45696691966204,33,27501,0,1.0,192.0
personas,03,p40,27932,13768,49.29113561506516,311,13768,0,111.0,9900.0
personas,03,p41,27932,13768,49.29113561506516,364,13768,0,110.0,9629.0
personas,03,p42,27932,13768,49.29113561506516,10,13768,0,1.0,10.0
personas,03,p42a,27932,22738,81.40484032650723,2,22738,0,1.0,2.0
personas,03,p43,27932,21163,75.76614635543463,6,21163,0,1.0,6.0
personas,03,p44a,27932,21163,75.76614635543463,2,21163,0,1.0,2.0
personas,03,p44b,27932,21163,75.76614635543463,2,21163,0,1.0,2.0
personas,03,p44c,27932,21163,75.76614635543463,2,21163,0,1.0,2.0
personas,03,p44d,27932,21163,75.76614635543463,2,21163,0,1.0,2.0
personas,03,p44e,27932,21163,75.76614635543463,2,21163,0,1.0,2.0
personas,03,p44f,27932,21163,75.76614635543463,2,21163,0,1.0,2.0
personas,03,p44g,27932,21163,75.76614635543463,2,21163,0,1.0,2.0
personas,03,p44h,27932,21163,75.76614635543463,2,21163,0,1.0,2.0
personas,03,p44i,27932,21163,75.76614635543463,2,21163,0,1.0,2.0
personas,03,p44j,27932,21163,75.76614635543463,2,21163,0,1.0,2.0
personas,03,p44k,27932,21163,75.76614635543463,2,21163,0,1.0,2.0
personas,03,p45,27932,14199,50.83416869540313,76,14199,0,0.0,80.0
personas,03,p46,27932,14199,50.83416869540313,10,14199,0,1.0,11.0
personas,03,p47a,27932,14199,50.83416869540313,2,14199,0,1.0,2.0
personas,03,p47b,27932,16538,59.20807675784047,54,16538,0,1.0,95.0
personas,03,p48,27932,16895,60.48618072461692,4,16895,0,1.0,4.0
personas,03,p49,27932,16895,60.48618072461692,3,16895,0,1.0,3.0
personas,03,p50,27932,14199,50.83416869540313,2,14199,0,1.0,2.0
personas,03,p51a,27932,14199,50.83416869540313,79,14199,0,1.0,118.0
personas,03,p51b,27932,26970,96.55592152370042,27,26970,0,1.0,35.0
personas,03,p51c,27932,26970,96.55592152370042,11,26970,0,0.0,14.0
personas,03,p52,27932,26970,96.55592152370042,112,26970,0,111.0,9700.0
personas,03,p53,27932,26970,96.55592152370042,127,26970,0,1324.0,9612.0
personas,03,p54,27932,26970,96.55592152370042,9,26970,0,1.0,10.0
personas,03,p54a,27932,27404,98.10969497350708,2,27404,0,1.0,2.0
personas,03,p55,27932,26970,96.55592152370042,9,26970,0,1.0,11.0
personas,03,p56a,27932,26970,96.55592152370042,2,26970,0,1.0,2.0
personas,03,p56b,27932,26977,96.58098238579409,15,26977,0,1.0,85.0
personas,03,p57,27932,26982,96.59888300157526,4,26982,0,1.0,4.0
personas,03,p58,27932,26982,96.59888300157526,3,26982,0,1.0,3.0
personas,03,p61b1,27932,5627,20.145353000143203,6,5627,0,1.0,6.0
personas,03,p63,27932,22738,81.40484032650723,289,22738,0,0.0,999999.0
personas,03,p64a,27932,22738,81.40484032650723,2,22738,0,1.0,2.0
personas,03,p64b,27932,25768,92.25261348990404,162,25768,0,0.0,1200.0
personas,03,p65,27932,22738,81.40484032650723,317,22738,0,0.0,999999.0
personas,03,p66,27932,21163,75.76614635543463,500,21163,0,0.0,999999.0
personas,03,p67,27932,21163,75.76614635543463,284,21163,0,0.0,999999.0
personas,03,p68a,27932,21163,75.76614635543463,2,21163,0,1.0,2.0
personas,03,p68b,27932,24748,88.60088787054275,202,24748,0,1.0,2459.0
personas,03,p69,27932,27254,97.5726765000716,75,27254,0,0.0,999999.0
personas,03,p70a,27932,27254,97.5726765000716,2,27254,0,1.0,2.0
personas,03,p70b,27932,27629,98.91522268366032,64,27629,0,0.0,234.0
personas,03,p71a,27932,1430,5.119576113418302,2,1430,0,1.0,2.0
personas,03,p71b,27932,27373,97.99871115566376,73,27373,0,7.0,999999.0
personas,03,p72a,27932,1430,5.119576113418302,2,1430,0,1.0,2.0
personas,03,p72b,27932,25680,91.93756265215524,241,25680,0,42.0,999999.0
personas,03,p73a,27932,1430,5.119576113418302,2,1430,0,1.0,2.0
personas,03,p73b,27932,21330,76.36402692252614,121,21330,0,1.0,2000.0
personas,03,p74a,27932,1430,5.119576113418302,2,1430,0,1.0,2.0
personas,03,p74b,27932,27673,99.07274810253472,30,27673,0,4.0,2000.0
personas,03,p75,27932,1430,5.119576113418302,2,1430,0,1.0,2.0
personas,03,p76,27932,26555,95.07017041386224,33,26555,0,50.0,194.0
personas,03,p77,27932,1430,5.119576113418302,2,1430,0,1.0,2.0
personas,03,p78,27932,27867,99.76729199484464,2,27867,0,240.0,480.0
personas,03,sd01,27932,27242,97.52971502219675,1,27242,0,2.0,2.0
personas,03,sd021,27932,27242,97.52971502219675,2,27242,0,1.0,2.0
personas,03,sd022,27932,27242,97.52971502219675,2,27242,0,1.0,2.0
personas,03,sd023,27932,27242,97.52971502219675,2,27242,0,1.0,2.0
personas,03,sd024,27932,27242,97.52971502219675,2,27242,0,1.0,2.0
personas,03,sd025,27932,27242,97.52971502219675,2,27242,0,1.0,2.0
personas,03,sd026,27932,27242,97.52971502219675,1,27242,0,2.0,2.0
personas,03,sd027,27932,27242,97.52971502219675,1,27242,0,2.0,2.0
personas,03,sd028,27932,27242,97.52971502219675,1,27242,0,2.0,2.0
personas,03,sd029,27932,27242,97.52971502219675,1,27242,0,2.0,2.0
personas,03,sd0210,27932,27242,97.52971502219675,1,27242,0,2.0,2.0
personas,03,sd0211,27932,27242,97.52971502219675,1,27242,0,2.0,2.0
personas,03,sd03,27932,27242,97.52971502219675,8,27242,0,1.0,9.0
personas,03,ced01a,27932,0,0.0,3,0,0,1.0,3.0
personas,03,estrato,27932,0,0.0,150,0,0,111.0,2913.0
personas,03,fexp,27932,0,0.0,1288,0,0,1.3091642987285,3093.37367687221
personas,03,nnivins,27932,1430,5.119576113418302,5,1430,0,1.0,5.0
personas,03,ingrl,27932,15900,56.923958184161535,1316,15900,0,-1.0,999999.0
personas,03,ingpc,27932,155,0.554919089216669,3278,155,0,0.333333333333333,26667.0
personas,03,condact,27932,0,0.0,10,0,0,0.0,9.0
personas,03,empleo,27932,14402,51.56093369611915,1,14402,0,1.0,1.0
personas,03,desempleo,27932,27242,97.52971502219675,1,27242,0,1.0,1.0
personas,03,secemp,27932,14402,51.56093369611915,4,14402,0,1.0,4.0
personas,03,grupo1,27932,14402,51.56093369611915,10,14402,0,1.0,10.0
personas,03,rama1,27932,14402,51.56093369611915,21,14402,0,1.0,21.0
personas,03,prov,27932,0,0.0,24,0,0,1.0,24.0
personas,03,dominio,27932,0,0.0,6,0,0,1.0,6.0
personas,03,pobreza,27932,155,0.554919089216669,2,155,0,0.0,1.0
personas,03,epobreza,27932,155,0.554919089216669,2,155,0,0.0,1.0
personas,03,upm,27932,0,0.0,1288,0,0,10150000801.0,240352002501.0
personas,03,id_vivienda,27932,0,0.0,8741,0,0,1.015000080105801e+17,2.403520025010581e+18
personas,03,id_hogar,27932,0,0.0,8790,0,0,1.015000080105801e+18,2.4035200250105807e+19
personas,03,id_persona,27932,0,0.0,27932,0,0,1.015000080105801e+20,2.403520025010581e+21
personas,03,periodo,27932,0,0.0,1,0,0,202503.0,202503.0
personas,03,mes,27932,0,0.0,1,0,0,3.0,3.0
personas,04,area,28092,0,0.0,2,0,0,1.0,2.0
personas,04,ciudad,28092,0,0.0,350,0,0,10150.0,240352.0
personas,04,conglomerado,28092,0,0.0,350,0,0,10150.0,240352.0
personas,04,panelm,28092,0,0.0,4,0,0,53.0,65.0
personas,04,vivienda,28092,0,0.0,10,0,0,1.0,10.0
personas,04,hogar,28092,0,0.0,4,0,0,1.0,4.0
personas,04,p01,28092,0,0.0,15,0,0,1.0,15.0
personas,04,p02,28092,0,0.0,2,0,0,1.0,2.0
personas,04,p03,28092,0,0.0,99,0,0,0.0,98.0
personas,04,p04,28092,0,0.0,9,0,0,1.0,9.0
personas,04,p05a,28092,0,0.0,7,0,0,1.0,10.0
personas,04,p05b,28092,0,0.0,4,0,0,4.0,10.0
personas,04,p06,28092,4167,14.833404527979496,6,4167,0,1.0,6.0
personas,04,p07,28092,1394,4.962266837533817,2,1394,0,1.0,2.0
personas,04,p08,28092,20621,73.40523992595756,6,20621,0,1.0,6.0
personas,04,p09,28092,8865,31.557026911576248,17,8865,0,1.0,17.0
personas,04,p10a,28092,1394,4.962266837533817,9,1394,0,1.0,10.0
personas,04,p10b,28092,2158,7.681902320945465,11,2158,0,0.0,10.0
personas,04,p11,28092,16542,58.88509184109355,2,16542,0,1.0,2.0
personas,04,p12a,28092,22137,78.8017941050833,2,22137,0,1.0,2.0
personas,04,p12b,28092,24097,85.77886942901894,492,24097,0,10110201.0,69999900.0
personas,04,p15,28092,1394,4.962266837533817,8,1394,0,1.0,8.0
personas,04,p15aa,28092,0,0.0,3,0,0,1.0,3.0
personas,04,p15ab,28092,17661,62.868432293891495,712,17661,0,32.0,240351.0
personas,04,cod_inf,28092,1394,4.962266837533817,9,1394,0,1.0,9.0
personas,04,p20,28092,1394,4.962266837533817,2,1394,0,1.0,2.0
personas,04,p21,28092,14385,51.20674925245622,9,14385,0,1.0,12.0
personas,04,p22,28092,14847,52.85134557881247,2,14847,0,1.0,2.0
personas,04,p23,28092,27834,99.08158906450235,5,27834,0,1.0,7.0
personas,04,p24,28092,14381,51.19251032322369,83,14381,0,1.0,124.0
personas,04,p25,28092,21519,76.6018795386587,9,21519,0,1.0,9.0
personas,04,p26,28092,20954,74.59063078456501,5,20954,0,1.0,5.0
personas,04,p27,28092,14961,53.25715506193934,4,14961,0,1.0,4.0
personas,04,p28,28092,25207,89.73017229104371,2,25207,0,1.0,2.0
personas,04,p29,28092,25257,89.90815890645023,39,25257,0,1.0,60.0
personas,04,p30,28092,25257,89.90815890645023,7,25257,0,1.0,7.0
personas,04,p31,28092,26293,93.59604157767336,5,26293,0,1.0,5.0
personas,04,p32,28092,15105,53.76975651431012,10,15105,0,1.0,11.0
personas,04,p33,28092,27517,97.953153922825,30,27517,0,1.0,96.0
personas,04,p34,28092,15680,55.81660259148512,11,15680,0,1.0,12.0
personas,04,p35,28092,28021,99.74725900612272,2,28021,0,1.0,2.0
personas,04,p36,28092,15740,56.030186529972944,6,15740,0,1.0,6.0
personas,04,p37,28092,27457,97.73956998433718,2,27457,0,1.0,2.0
personas,04,p38,28092,27666,98.48355403673644,8,27666,0,1.0,9.0
personas,04,p39,28092,27666,98.48355403673644,29,27666,0,1.0,104.0
personas,04,p40,28092,13955,49.67606435996013,307,13955,0,111.0,9900.0
personas,04,p41,28092,13955,49.67606435996013,362,13955,0,110.0,9629.0
personas,04,p42,28092,13955,49.67606435996013,9,13955,0,1.0,10.0
personas,04,p42a,28092,22795,81.14409796383312,2,22795,0,1.0,2.0
personas,04,p43,28092,21203,75.47700412928948,6,21203,0,1.0,6.0
personas,04,p44a,28092,21203,75.47700412928948,2,21203,0,1.0,2.0
personas,04,p44b,28092,21203,75.47700412928948,2,21203,0,1.0,2.0
personas,04,p44c,28092,21203,75.47700412928948,2,21203,0,1.0,2.0
personas,04,p44d,28092,21203,75.47700412928948,2,21203,0,1.0,2.0
personas,04,p44e,28092,21203,75.47700412928948,2,21203,0,1.0,2.0
personas,04,p44f,28092,21203,75.47700412928948,2,21203,0,1.0,2.0
personas,04,p44g,28092,21203,75.47700412928948,2,21203,0,1.0,2.0
personas,04,p44h,28092,21203,75.47700412928948,2,21203,0,1.0,2.0
personas,04,p44i,28092,21203,75.47700412928948,2,21203,0,1.0,2.0
personas,04,p44j,28092,21203,75.47700412928948,2,21203,0,1.0,2.0
personas,04,p44k,28092,21203,75.47700412928948,2,21203,0,1.0,2.0
personas,04,p45,28092,14381,51.19251032322369,78,14381,0,0.0,83.0
personas,04,p46,28092,14381,51.19251032322369,10,14381,0,1.0,11.0
personas,04,p47a,28092,14381,51.19251032322369,2,14381,0,1.0,2.0
personas,04,p47b,28092,16868,60.04556457354408,51,16868,0,1.0,95.0
personas,04,p48,28092,17200,61.22739569984337,4,17200,0,1.0,4.0
personas,04,p49,28092,17200,61.22739569984337,3,17200,0,1.0,3.0
personas,04,p50,28092,14381,51.19251032322369,2,14381,0,1.0,2.0
personas,04,p51a,28092,14381,51.19251032322369,75,14381,0,1.0,98.0
personas,04,p51b,28092,27242,96.97422753808912,28,27242,0,1.0,38.0
personas,04,p51c,28092,27242,96.97422753808912,11,27242,0,0.0,16.0
personas,04,p52,28092,27242,96.97422753808912,128,27242,0,111.0,9700.0
personas,04,p53,28092,27242,96.97422753808912,127,27242,0,1221.0,9621.0
personas,04,p54,28092,27242,96.97422753808912,9,27242,0,1.0,10.0
personas,04,p54a,28092,27616,98.30556742132993,2,27616,0,1.0,2.0
personas,04,p55,28092,27242,96.97422753808912,10,27242,0,1.0,11.0
personas,04,p56a,28092,27242,96.97422753808912,2,27242,0,1.0,2.0
personas,04,p56b,28092,27249,96.99914566424604,15,27249,0,1.0,80.0
personas,04,p57,28092,27257,97.0276235227111,4,27257,0,1.0,4.0
personas,04,p58,28092,27257,97.0276235227111,3,27257,0,1.0,3.0
personas,04,p61b1,28092,5672,20.19080165171579,6,5672,0,1.0,6.0
personas,04,p63,28092,22795,81.14409796383312,303,22795,0,0.0,999999.0
personas,04,p64a,28092,22795,81.14409796383312,2,22795,0,1.0,2.0
personas,04,p64b,28092,25973,92.45692723907162,134,25973,0,0.0,2000.0
personas,04,p65,28092,22795,81.14409796383312,299,22795,0,0.0,999999.0
personas,04,p66,28092,21203,75.47700412928948,563,21203,0,0.0,999999.0
personas,04,p67,28092,21203,75.47700412928948,291,21203,0,0.0,999999.0
personas,04,p68a,28092,21203,75.47700412928948,2,21203,0,1.0,2.0
personas,04,p68b,28092,24782,88.21728606008828,200,24782,0,1.0,999999.0
personas,04,p69,28092,27503,97.9033176705112,73,27503,0,0.0,999999.0
personas,04,p70a,28092,27503,97.9033176705112,2,27503,0,1.0,2.0
personas,04,p70b,28092,27848,99.13142531681618,47,27848,0,3.0,200.0
personas,04,p71a,28092,1394,4.962266837533817,2,1394,0,1.0,2.0
personas,04,p71b,28092,27615,98.3020076890218,62,27615,0,30.0,999999.0
personas,04,p72a,28092,1394,4.962266837533817,2,1394,0,1.0,2.0
personas,04,p72b,28092,25857,92.04399829132848,271,25857,0,30.0,999999.0
personas,04,p73a,28092,1394,4.962266837533817,2,1394,0,1.0,2.0
personas,04,p73b,28092,21417,76.23878684322939,126,21417,0,1.0,999999.0
personas,04,p74a,28092,1394,4.962266837533817,2,1394,0,1.0,2.0
personas,04,p74b,28092,27869,99.2061796952869,30,27869,0,4.0,1500.0
personas,04,p75,28092,1394,4.962266837533817,2,1394,0,1.0,2.0
personas,04,p76,28092,26840,95.5432151502207,35,26840,0,50.0,200.0
personas,04,p77,28092,1394,4.962266837533817,2,1394,0,1.0,2.0
personas,04,p78,28092,28023,99.754378470739,2,28023,0,240.0,480.0
personas,04,sd01,28092,27457,97.73956998433718,1,27457,0,2.0,2.0
personas,04,sd021,28092,27457,97.73956998433718,2,27457,0,1.0,2.0
personas,04,sd022,28092,27457,97.73956998433718,2,27457,0,1.0,2.0
personas,04,sd023,28092,27457,97.73956998433718,2,27457,0,1.0,2.0
personas,04,sd024,28092,27457,97.73956998433718,2,27457,0,1.0,2.0
personas,04,sd025,28092,27457,97.73956998433718,1,27457,0,2.0,2.0
personas,04,sd026,28092,27457,97.73956998433718,1,27457,0,2.0,2.0
personas,04,sd027,28092,27457,97.73956998433718,1,27457,0,2.0,2.0
personas,04,sd028,28092,27457,97.73956998433718,1,27457,0,2.0,2.0
personas,04,sd029,28092,27457,97.73956998433718,1,27457,0,2.0,2.0
personas,04,sd0210,28092,27457,97.73956998433718,1,27457,0,2.0,2.0
personas,04,sd0211,28092,27457,97.73956998433718,1,27457,0,2.0,2.0
personas,04,sd03,28092,27457,97.73956998433718,8,27457,0,1.0,9.0
personas,04,ced01a,28092,0,0.0,3,0,0,1.0,3.0
personas,04,estrato,28092,0,0.0,150,0,0,111.0,2913.0
personas,04,fexp,28092,0,0.0,1287,0,0,1.20443691164509,1755.08039525424
personas,04,nnivins,28092,1394,4.962266837533817,5,1394,0,1.0,5.0
personas,04,ingrl,28092,15857,56.44667521002421,1470,15857,0,-1.0,999999.0
personas,04,ingpc,28092,138,0.4912430585219991,3438,138,0,0.8,7000.0
personas,04,condact,28092,0,0.0,10,0,0,0.0,9.0
personas,04,empleo,28092,14585,51.9186957140823,1,14585,0,1.0,1.0
personas,04,desempleo,28092,27458,97.7431297166453,1,27458,0,1.0,1.0
personas,04,secemp,28092,14585,51.9186957140823,4,14585,0,1.0,4.0
personas,04,grupo1,28092,14585,51.9186957140823,10,14585,0,1.0,10.0
personas,04,rama1,28092,14585,51.9186957140823,21,14585,0,1.0,21.0
personas,04,prov,28092,0,0.0,24,0,0,1.0,24.0
personas,04,dominio,28092,0,0.0,6,0,0,1.0,6.0
personas,04,pobreza,28092,138,0.4912430585219991,2,138,0,0.0,1.0
personas,04,epobreza,28092,138,0.4912430585219991,2,138,0,0.0,1.0
personas,04,upm,28092,0,0.0,1288,0,0,10150000401.0,240352002703.0
personas,04,id_vivienda,28092,0,0.0,8771,0,0,1.0150000401053011e+17,2.403520027030541e+18
personas,04,id_hogar,28092,0,0.0,8810,0,0,1.015000040105301e+18,2.4035200270305407e+19
personas,04,id_persona,28092,0,0.0,28092,0,0,1.015000040105301e+20,2.403520027030541e+21
personas,04,periodo,28092,0,0.0,1,0,0,202504.0,202504.0
personas,04,mes,28092,0,0.0,1,0,0,4.0,4.0
personas,05,area,27903,0,0.0,2,0,0,1.0,2.0
personas,05,ciudad,27903,0,0.0,349,0,0,10150.0,240352.0
personas,05,conglomerado,27903,0,0.0,347,0,0,10150.0,240352.0
personas,05,panelm,27903,0,0.0,4,0,0,56.0,66.0
personas,05,vivienda,27903,0,0.0,10,0,0,1.0,10.0
personas,05,hogar,27903,0,0.0,3,0,0,1.0,3.0
personas,05,p01,27903,0,0.0,16,0,0,1.0,16.0
personas,05,p02,27903,0,0.0,2,0,0,1.0,2.0
personas,05,p03,27903,0,0.0,99,0,0,0.0,98.0
personas,05,p04,27903,0,0.0,9,0,0,1.0,9.0
personas,05,p05a,27903,0,0.0,7,0,0,1.0,10.0
personas,05,p05b,27903,0,0.0,5,0,0,4.0,10.0
personas,05,p06,27903,4168,14.93746192165717,6,4168,0,1.0,6.0
personas,05,p07,27903,1495,5.35784682650611,2,1495,0,1.0,2.0
personas,05,p08,27903,20556,73.66949790345124,6,20556,0,1.0,6.0
personas,05,p09,27903,8842,31.68834892305487,17,8842,0,1.0,17.0
personas,05,p10a,27903,1495,5.35784682650611,9,1495,0,1.0,10.0
personas,05,p10b,27903,2239,8.024226785650288,11,2239,0,0.0,10.0
personas,05,p11,27903,16620,59.56348779701107,2,16620,0,1.0,2.0
personas,05,p12a,27903,21911,78.52560656560227,2,21911,0,1.0,2.0
personas,05,p12b,27903,23912,85.6968784718489,507,23912,0,10110102.0,60810105.0
personas,05,p15,27903,1495,5.35784682650611,8,1495,0,1.0,8.0
personas,05,p15aa,27903,0,0.0,3,0,0,1.0,3.0
personas,05,p15ab,27903,17814,63.84259757015375,688,17814,0,12.0,900151.0
personas,05,cod_inf,27903,1495,5.35784682650611,11,1495,0,1.0,11.0
personas,05,p20,27903,1495,5.35784682650611,2,1495,0,1.0,2.0
personas,05,p21,27903,14375,51.51775794717414,9,14375,0,1.0,12.0
personas,05,p22,27903,14913,53.44586603591012,2,14913,0,1.0,2.0
personas,05,p23,27903,27671,99.168548184783,5,27671,0,1.0,7.0
personas,05,p24,27903,14253,51.08052897537899,85,14253,0,1.0,98.0
personas,05,p25,27903,21317,76.39680321112425,8,21317,0,1.0,9.0
personas,05,p26,27903,20839,74.68372576425473,5,20839,0,1.0,5.0
personas,05,p27,27903,14820,53.11256854101709,4,14820,0,1.0,4.0
personas,05,p28,27903,25050,89.77529297924954,2,25050,0,1.0,2.0
personas,05,p29,27903,25109,89.9867397770849,37,25109,0,2.0,48.0
personas,05,p30,27903,25109,89.9867397770849,7,25109,0,1.0,7.0
personas,05,p31,27903,26116,93.5956707164104,5,26116,0,1.0,5.0
personas,05,p32,27903,15145,54.27731785112712,11,15145,0,1.0,11.0
personas,05,p33,27903,27318,97.90345124180196,28,27318,0,1.0,52.0
personas,05,p34,27903,15730,56.37386660932516,10,15730,0,1.0,12.0
personas,05,p35,27903,27827,99.7276278536358,2,27827,0,1.0,2.0
personas,05,p36,27903,15787,56.5781457190983,6,15787,0,1.0,6.0
personas,05,p37,27903,27261,97.6991721320288,2,27261,0,1.0,2.0
personas,05,p38,27903,27477,98.47328244274809,9,27477,0,1.0,9.0
personas,05,p39,27903,27477,98.47328244274809,35,27477,0,1.0,240.0
personas,05,p40,27903,13827,49.55381141812708,298,13827,0,111.0,9900.0
personas,05,p41,27903,13827,49.55381141812708,360,13827,0,110.0,9629.0
personas,05,p42,27903,13827,49.55381141812708,10,13827,0,1.0,10.0
personas,05,p42a,27903,22647,81.16331577249758,2,22647,0,1.0,2.0
personas,05,p43,27903,21083,75.55818370784505,6,21083,0,1.0,6.0
personas,05,p44a,27903,21083,75.55818370784505,2,21083,0,1.0,2.0
personas,05,p44b,27903,21083,75.55818370784505,2,21083,0,1.0,2.0
personas,05,p44c,27903,21083,75.55818370784505,2,21083,0,1.0,2.0
personas,05,p44d,27903,21083,75.55818370784505,2,21083,0,1.0,2.0
personas,05,p44e,27903,21083,75.55818370784505,2,21083,0,1.0,2.0
personas,05,p44f,27903,21083,75.55818370784505,2,21083,0,1.0,2.0
personas,05,p44g,27903,21083,75.55818370784505,2,21083,0,1.0,2.0
personas,05,p44h,27903,21083,75.55818370784505,2,21083,0,1.0,2.0
personas,05,p44i,27903,21083,75.55818370784505,2,21083,0,1.0,2.0
personas,05,p44j,27903,21083,75.55818370784505,2,21083,0,1.0,2.0
personas,05,p44k,27903,21083,75.55818370784505,2,21083,0,1.0,2.0
personas,05,p45,27903,14253,51.08052897537899,75,14253,0,0.0,80.0
personas,05,p46,27903,14253,51.08052897537899,11,14253,0,1.0,11.0
personas,05,p47a,27903,14253,51.08052897537899,2,14253,0,1.0,2.0
personas,05,p47b,27903,16627,59.58857470522882,58,16627,0,1.0,96.0
personas,05,p48,27903,16983,60.8644231803032,4,16983,0,1.0,4.0
personas,05,p49,27903,16983,60.8644231803032,3,16983,0,1.0,3.0
personas,05,p50,27903,14253,51.08052897537899,2,14253,0,1.0,2.0
personas,05,p51a,27903,14253,51.08052897537899,74,14253,0,1.0,98.0
personas,05,p51b,27903,27026,96.85696878471848,27,27026,0,1.0,45.0
personas,05,p51c,27903,27026,96.85696878471848,12,27026,0,0.0,16.0
personas,05,p52,27903,27026,96.85696878471848,135,27026,0,111.0,9700.0
personas,05,p53,27903,27026,96.85696878471848,134,27026,0,1113.0,9622.0
personas,05,p54,27903,27026,96.85696878471848,9,27026,0,1.0,10.0
personas,05,p54a,27903,27396,98.18299107622836,2,27396,0,1.0,2.0
personas,05,p55,27903,27026,96.85696878471848,11,27026,0,1.0,11.0
personas,05,p56a,27903,27026,96.85696878471848,2,27026,0,1.0,2.0
personas,05,p56b,27903,27033,96.88205569293623,15,27033,0,1.0,50.0
personas,05,p57,27903,27043,96.91789413324732,4,27043,0,1.0,4.0
personas,05,p58,27903,27043,96.91789413324732,3,27043,0,1.0,3.0
personas,05,p61b1,27903,5612,20.112532702576782,5,5612,0,1.0,5.0
personas,05,p63,27903,22647,81.16331577249758,302,22647,0,0.0,999999.0
personas,05,p64a,27903,22647,81.16331577249758,2,22647,0,1.0,2.0
personas,05,p64b,27903,25797,92.45242447048705,142,25797,0,0.0,720.0
personas,05,p65,27903,22647,81.16331577249758,290,22647,0,0.0,999999.0
personas,05,p66,27903,21083,75.55818370784505,486,21083,0,0.0,999999.0
personas,05,p67,27903,21083,75.55818370784505,265,21083,0,0.0,999999.0
personas,05,p68a,27903,21083,75.55818370784505,2,21083,0,1.0,2.0
personas,05,p68b,27903,24656,88.36325843099308,194,24656,0,1.0,999999.0
personas,05,p69,27903,27271,97.73501057233987,71,27271,0,0.0,6000.0
personas,05,p70a,27903,27271,97.73501057233987,2,27271,0,1.0,2.0
personas,05,p70b,27903,27659,99.12554205640971,57,27659,0,2.0,500.0
personas,05,p71a,27903,1495,5.35784682650611,2,1495,0,1.0,2.0
personas,05,p71b,27903,27393,98.17223954413504,73,27393,0,20.0,5000.0
personas,05,p72a,27903,1495,5.35784682650611,2,1495,0,1.0,2.0
personas,05,p72b,27903,25629,91.85033867326096,238,25629,0,31.0,999999.0
personas,05,p73a,27903,1495,5.35784682650611,2,1495,0,1.0,2.0
personas,05,p73b,27903,21669,77.65831631007418,136,21669,0,1.0,10000.0
personas,05,p74a,27903,1495,5.35784682650611,2,1495,0,1.0,2.0
personas,05,p74b,27903,27684,99.2151381571874,28,27684,0,4.0,3000.0
personas,05,p75,27903,1495,5.35784682650611,2,1495,0,1.0,2.0
personas,05,p76,27903,26646,95.49510805289754,32,26646,0,50.0,155.0
personas,05,p77,27903,1495,5.35784682650611,2,1495,0,1.0,2.0
personas,05,p78,27903,27826,99.72404400960473,2,27826,0,240.0,480.0
personas,05,sd01,27903,27261,97.6991721320288,1,27261,0,2.0,2.0
personas,05,sd021,27903,27261,97.6991721320288,2,27261,0,1.0,2.0
personas,05,sd022,27903,27261,97.6991721320288,2,27261,0,1.0,2.0
personas,05,sd023,27903,27261,97.6991721320288,2,27261,0,1.0,2.0
personas,05,sd024,27903,27261,97.6991721320288,2,27261,0,1.0,2.0
personas,05,sd025,27903,27261,97.6991721320288,1,27261,0,2.0,2.0
personas,05,sd026,27903,27261,97.6991721320288,1,27261,0,2.0,2.0
personas,05,sd027,27903,27261,97.6991721320288,1,27261,0,2.0,2.0
personas,05,sd028,27903,27261,97.6991721320288,1,27261,0,2.0,2.0
personas,05,sd029,27903,27261,97.6991721320288,1,27261,0,2.0,2.0
personas,05,sd0210,27903,27261,97.6991721320288,1,27261,0,2.0,2.0
personas,05,sd0211,27903,27261,97.6991721320288,2,27261,0,1.0,2.0
personas,05,sd03,27903,27261,97.6991721320288,9,27261,0,1.0,9.0
personas,05,ced01a,27903,0,0.0,3,0,0,1.0,3.0
personas,05,estrato,27903,0,0.0,150,0,0,111.0,2913.0
personas,05,fexp,27903,0,0.0,1288,0,0,1.05200930240931,1461.33730837906
personas,05,nnivins,27903,1495,5.35784682650611,5,1495,0,1.0,5.0
personas,05,ingrl,27903,15773,56.5279719026628,1336,15773,0,-1.0,999999.0
personas,05,ingpc,27903,154,0.551911980790596,3208,154,0,1.25,9083.0
personas,05,condact,27903,0,0.0,10,0,0,0.0,9.0
personas,05,empleo,27903,14423,51.68978246066731,1,14423,0,1.0,1.0
personas,05,desempleo,27903,27261,97.6991721320288,1,27261,0,1.0,1.0
personas,05,secemp,27903,14423,51.68978246066731,4,14423,0,1.0,4.0
personas,05,grupo1,27903,14423,51.68978246066731,10,14423,0,1.0,10.0
personas,05,rama1,27903,14423,51.68978246066731,21,14423,0,1.0,21.0
personas,05,prov,27903,0,0.0,24,0,0,1.0,24.0
personas,05,dominio,27903,0,0.0,6,0,0,1.0,6.0
personas,05,pobreza,27903,154,0.551911980790596,2,154,0,0.0,1.0
personas,05,epobreza,27903,154,0.551911980790596,2,154,0,0.0,1.0
personas,05,upm,27903,0,0.0,1288,0,0,10150001601.0,240352003103.0
personas,05,id_vivienda,27903,0,0.0,8709,0,0,1.0150001601063011e+17,2.4035200310306606e+18
personas,05,id_hogar,27903,0,0.0,8739,0,0,1.015000160106301e+18,2.4035200310306607e+19
personas,05,id_persona,27903,0,0.0,27903,0,0,1.015000160106301e+20,2.4035200310306606e+21
personas,05,periodo,27903,0,0.0,1,0,0,202505.0,202505.0
personas,05,mes,27903,0,0.0,1,0,0,5.0,5.0
personas,06,area,28072,0,0.0,2,0,0,1.0,2.0
personas,06,ciudad,28072,0,0.0,347,0,0,10150.0,240352.0
personas,06,conglomerado,28072,0,0.0,346,0,0,10150.0,240352.0
personas,06,panelm,28072,0,0.0,4,0,0,59.0,67.0
personas,06,vivienda,28072,0,0.0,10,0,0,1.0,10.0
personas,06,hogar,28072,0,0.0,3,0,0,1.0,3.0
personas,06,p01,28072,0,0.0,18,0,0,1.0,18.0
personas,06,p02,28072,0,0.0,2,0,0,1.0,2.0
personas,06,p03,28072,0,0.0,99,0,0,0.0,98.0
personas,06,p04,28072,0,0.0,9,0,0,1.0,9.0
personas,06,p05a,28072,0,0.0,7,0,0,1.0,10.0
personas,06,p05b,28072,0,0.0,5,0,0,4.0,10.0
personas,06,p06,28072,4258,15.168139070960388,6,4258,0,1.0,6.0
personas,06,p07,28072,1461,5.204474209176404,2,1461,0,1.0,2.0
personas,06,p08,28072,20572,73.28298660587062,6,20572,0,1.0,6.0
personas,06,p09,28072,8961,31.92148760330579,16,8961,0,1.0,17.0
personas,06,p10a,28072,1461,5.204474209176404,9,1461,0,1.0,10.0
personas,06,p10b,28072,2195,7.819179253348532,11,2195,0,0.0,10.0
personas,06,p11,28072,16524,58.86292390994585,2,16524,0,1.0,2.0
personas,06,p12a,28072,22194,79.06098603590766,2,22194,0,1.0,2.0
personas,06,p12b,28072,24067,85.7331148475349,502,24067,0,10110102.0,69999900.0
personas,06,p15,28072,1461,5.204474209176404,8,1461,0,1.0,8.0
personas,06,p15aa,28072,0,0.0,3,0,0,1.0,3.0
personas,06,p15ab,28072,17624,62.7814192077515,714,17624,0,32.0,240352.0
personas,06,cod_inf,28072,1461,5.204474209176404,10,1461,0,1.0,11.0
personas,06,p20,28072,1461,5.204474209176404,2,1461,0,1.0,2.0
personas,06,p21,28072,14453,51.4854659447136,10,14453,0,1.0,12.0
personas,06,p22,28072,15099,53.78669136506127,2,15099,0,1.0,2.0
personas,06,p23,28072,27913,99.43359931604444,6,27913,0,1.0,7.0
personas,06,p24,28072,14275,50.85138216015959,81,14275,0,1.0,98.0
personas,06,p25,28072,22807,81.24465659732117,9,22807,0,1.0,9.0
personas,06,p26,28072,19540,69.6067255628384,5,19540,0,1.0,5.0
personas,06,p27,28072,14964,53.30578512396694,4,14964,0,1.0,4.0
personas,06,p28,28072,25381,90.41393559418638,2,25381,0,1.0,2.0
personas,06,p29,28072,25433,90.599173553719,39,25433,0,1.0,50.0
personas,06,p30,28072,25433,90.599173553719,7,25433,0,1.0,7.0
personas,06,p31,28072,26401,94.04744941578798,5,26401,0,1.0,5.0
personas,06,p32,28072,15258,54.353092049016816,9,15258,0,1.0,11.0
personas,06,p33,28072,27524,98.04787688800228,26,27524,0,1.0,96.0
personas,06,p34,28072,15806,56.30521516101453,12,15806,0,1.0,12.0
personas,06,p35,28072,27995,99.7257053291536,2,27995,0,1.0,2.0
personas,06,p36,28072,15873,56.54388714733543,6,15873,0,1.0,6.0
personas,06,p37,28072,27457,97.8092049016814,2,27457,0,1.0,2.0
personas,06,p38,28072,27666,98.55371900826448,7,27666,0,1.0,9.0
personas,06,p39,28072,27666,98.55371900826448,36,27666,0,1.0,208.0
personas,06,p40,28072,13869,49.40510116842405,310,13869,0,111.0,9900.0
personas,06,p41,28072,13869,49.40510116842405,362,13869,0,110.0,9629.0
personas,06,p42,28072,13869,49.40510116842405,9,13869,0,1.0,10.0
personas,06,p42a,28072,22852,81.40495867768594,2,22852,0,1.0,2.0
personas,06,p43,28072,21096,75.14961527500712,6,21096,0,1.0,6.0
personas,06,p44a,28072,21096,75.14961527500712,2,21096,0,1.0,2.0
personas,06,p44b,28072,21096,75.14961527500712,2,21096,0,1.0,2.0
personas,06,p44c,28072,21096,75.14961527500712,2,21096,0,1.0,2.0
personas,06,p44d,28072,21096,75.14961527500712,2,21096,0,1.0,2.0
personas,06,p44e,28072,21096,75.14961527500712,2,21096,0,1.0,2.0
personas,06,p44f,28072,21096,75.14961527500712,2,21096,0,1.0,2.0
personas,06,p44g,28072,21096,75.14961527500712,2,21096,0,1.0,2.0
personas,06,p44h,28072,21096,75.14961527500712,2,21096,0,1.0,2.0
personas,06,p44i,28072,21096,75.14961527500712,2,21096,0,1.0,2.0
personas,06,p44j,28072,21096,75.14961527500712,2,21096,0,1.0,2.0
personas,06,p44k,28072,21096,75.14961527500712,2,21096,0,1.0,2.0
personas,06,p45,28072,14275,50.85138216015959,77,14275,0,0.0,80.0
personas,06,p46,28072,14275,50.85138216015959,10,14275,0,1.0,11.0
personas,06,p47a,28072,14275,50.85138216015959,2,14275,0,1.0,2.0
personas,06,p47b,28072,16700,59.48988315759476,53,16700,0,1.0,92.0
personas,06,p48,28072,17047,60.72599031062981,4,17047,0,1.0,4.0
personas,06,p49,28072,17047,60.72599031062981,3,17047,0,1.0,3.0
personas,06,p50,28072,14275,50.85138216015959,2,14275,0,1.0,2.0
personas,06,p51a,28072,14275,50.85138216015959,75,14275,0,1.0,98.0
personas,06,p51b,28072,27055,96.37717298375604,29,27055,0,1.0,40.0
personas,06,p51c,28072,27055,96.37717298375604,11,27055,0,0.0,14.0
personas,06,p52,28072,27055,96.37717298375604,124,27055,0,111.0,9700.0
personas,06,p53,28072,27055,96.37717298375604,128,27055,0,1113.0,9629.0
personas,06,p54,28072,27055,96.37717298375604,8,27055,0,1.0,10.0
personas,06,p54a,28072,27501,97.9659447135936,2,27501,0,1.0,2.0
personas,06,p55,28072,27055,96.37717298375604,10,27055,0,1.0,11.0
personas,06,p56a,28072,27055,96.37717298375604,2,27055,0,1.0,2.0
personas,06,p56b,28072,27060,96.3949843260188,15,27060,0,1.0,21.0
personas,06,p57,28072,27066,96.41635793673412,4,27066,0,1.0,4.0
personas,06,p58,28072,27066,96.41635793673412,3,27066,0,1.0,3.0
personas,06,p61b1,28072,5720,20.37617554858934,6,5720,0,1.0,6.0
personas,06,p63,28072,22852,81.40495867768594,287,22852,0,0.0,999999.0
personas,06,p64a,28072,22852,81.40495867768594,2,22852,0,1.0,2.0
personas,06,p64b,28072,25961,92.48005129666572,147,25961,0,0.0,999999.0
personas,06,p65,28072,22852,81.40495867768594,295,22852,0,0.0,999999.0
personas,06,p66,28072,21096,75.14961527500712,466,21096,0,0.0,999999.0
personas,06,p67,28072,21096,75.14961527500712,282,21096,0,0.0,999999.0
personas,06,p68a,28072,21096,75.14961527500712,2,21096,0,1.0,2.0
personas,06,p68b,28072,24771,88.24095183813053,205,24771,0,1.0,999999.0
personas,06,p69,28072,27358,97.45654032487889,84,27358,0,0.0,999999.0
personas,06,p70a,28072,27358,97.45654032487889,2,27358,0,1.0,2.0
personas,06,p70b,28072,27749,98.84938728982615,69,27749,0,0.0,500.0
personas,06,p71a,28072,1461,5.204474209176404,2,1461,0,1.0,2.0
personas,06,p71b,28072,27529,98.06568823026504,69,27529,0,7.0,999999.0
personas,06,p72a,28072,1461,5.204474209176404,2,1461,0,1.0,2.0
personas,06,p72b,28072,25822,91.98489598176118,227,25822,0,2.0,999999.0
personas,06,p73a,28072,1461,5.204474209176404,2,1461,0,1.0,2.0
personas,06,p73b,28072,21636,77.07324023938445,129,21636,0,1.0,2000.0
personas,06,p74a,28072,1461,5.204474209176404,2,1461,0,1.0,2.0
personas,06,p74b,28072,27833,99.1486178398404,33,27833,0,3.0,2500.0
personas,06,p75,28072,1461,5.204474209176404,2,1461,0,1.0,2.0
personas,06,p76,28072,26769,95.35836420632658,35,26769,0,50.0,220.0
personas,06,p77,28072,1461,5.204474209176404,2,1461,0,1.0,2.0
personas,06,p78,28072,27997,99.73282986605872,3,27997,0,240.0,480.0
personas,06,sd01,28072,27457,97.8092049016814,1,27457,0,2.0,2.0
personas,06,sd021,28072,27457,97.8092049016814,2,27457,0,1.0,2.0
personas,06,sd022,28072,27457,97.8092049016814,2,27457,0,1.0,2.0
personas,06,sd023,28072,27457,97.8092049016814,2,27457,0,1.0,2.0
personas,06,sd024,28072,27457,97.8092049016814,2,27457,0,1.0,2.0
personas,06,sd025,28072,27457,97.8092049016814,2,27457,0,1.0,2.0
personas,06,sd026,28072,27457,97.8092049016814,1,27457,0,2.0,2.0
personas,06,sd027,28072,27457,97.8092049016814,1,27457,0,2.0,2.0
personas,06,sd028,28072,27457,97.8092049016814,1,27457,0,2.0,2.0
personas,06,sd029,28072,27457,97.8092049016814,1,27457,0,2.0,2.0
personas,06,sd0210,28072,27457,97.8092049016814,1,27457,0,2.0,2.0
personas,06,sd0211,28072,27457,97.8092049016814,1,27457,0,2.0,2.0
personas,06,sd03,28072,27457,97.8092049016814,8,27457,0,1.0,9.0
personas,06,ced01a,28072,0,0.0,3,0,0,1.0,3.0
personas,06,estrato,28072,0,0.0,150,0,0,111.0,2913.0
personas,06,fexp,28072,0,0.0,1287,0,0,1.05369758936671,1244.08541205241
personas,06,nnivins,28072,1461,5.204474209176404,5,1461,0,1.0,5.0
personas,06,ingrl,28072,15813,56.33015104018239,1305,15813,0,-1.0,999999.0
personas,06,ingpc,28072,239,0.8513821601595896,3223,239,0,2.0,16295.0
personas,06,condact,28072,0,0.0,10,0,0,0.0,9.0
personas,06,empleo,28072,14465,51.5282131661442,1,14465,0,1.0,1.0
personas,06,desempleo,28072,27457,97.8092049016814,1,27457,0,1.0,1.0
personas,06,secemp,28072,14465,51.5282131661442,4,14465,0,1.0,4.0
personas,06,grupo1,28072,14465,51.5282131661442,10,14465,0,1.0,10.0
personas,06,rama1,28072,14465,51.5282131661442,21,14465,0,1.0,21.0
personas,06,prov,28072,0,0.0,24,0,0,1.0,24.0
personas,06,dominio,28072,0,0.0,6,0,0,1.0,6.0
personas,06,pobreza,28072,239,0.8513821601595896,2,239,0,0.0,1.0
personas,06,epobreza,28072,239,0.8513821601595896,2,239,0,0.0,1.0
personas,06,upm,28072,0,0.0,1288,0,0,10150000204.0,240352001105.0
personas,06,id_vivienda,28072,0,0.0,8733,0,0,1.0150000204067011e+17,2.403520011050601e+18
personas,06,id_hogar,28072,0,0.0,8768,0,0,1.015000020406701e+18,2.403520011050601e+19
personas,06,id_persona,28072,0,0.0,28072,0,0,1.015000020406701e+20,2.4035200110506006e+21
personas,06,periodo,28072,0,0.0,1,0,0,202506.0,202506.0
personas,06,mes,28072,0,0.0,1,0,0,6.0,6.0
personas,07,area,27509,0,0.0,2,0,0,1.0,2.0
personas,07,ciudad,27509,0,0.0,346,0,0,10150.0,240352.0
personas,07,conglomerado,27509,0,0.0,345,0,0,10150.0,240352.0
personas,07,panelm,27509,0,0.0,4,0,0,54.0,71.0
personas,07,vivienda,27509,0,0.0,10,0,0,1.0,10.0
personas,07,hogar,27509,0,0.0,3,0,0,1.0,3.0
personas,07,p01,27509,0,0.0,15,0,0,1.0,15.0
personas,07,p02,27509,0,0.0,2,0,0,1.0,2.0
personas,07,p03,27509,0,0.0,99,0,0,0.0,98.0
personas,07,p04,27509,0,0.0,9,0,0,1.0,9.0
personas,07,p05a,27509,0,0.0,8,0,0,1.0,10.0
personas,07,p05b,27509,0,0.0,5,0,0,4.0,10.0
personas,07,p06,27509,4145,15.067795994038317,6,4145,0,1.0,6.0
personas,07,p07,27509,1436,5.220109782253081,2,1436,0,1.0,2.0
personas,07,p08,27509,20288,73.75040895706859,6,20288,0,1.0,6.0
personas,07,p09,27509,8657,31.46970082518448,16,8657,0,1.0,17.0
personas,07,p10a,27509,1436,5.220109782253081,9,1436,0,1.0,10.0
personas,07,p10b,27509,2191,7.964666109273328,11,2191,0,0.0,10.0
personas,07,p11,27509,16472,59.87858519030136,2,16472,0,1.0,2.0
personas,07,p12a,27509,21658,78.73059725907885,2,21658,0,1.0,2.0
personas,07,p12b,27509,23545,85.59017048965794,505,23545,0,10110102.0,60910702.0
personas,07,p15,27509,1436,5.220109782253081,8,1436,0,1.0,8.0
personas,07,p15aa,27509,0,0.0,3,0,0,1.0,3.0
personas,07,p15ab,27509,17642,64.13173870369697,696,17642,0,32.0,900851.0
personas,07,cod_inf,27509,1436,5.220109782253081,11,1436,0,1.0,15.0
personas,07,p20,27509,1436,5.220109782253081,2,1436,0,1.0,2.0
personas,07,p21,27509,14188,51.575847904322224,9,14188,0,1.0,12.0
personas,07,p22,27509,14695,53.41888109346032,2,14695,0,1.0,2.0
personas,07,p23,27509,27285,99.1857210367516,5,27285,0,1.0,7.0
personas,07,p24,27509,14026,50.98694972554437,85,14026,0,1.0,105.0
personas,07,p25,27509,22402,81.43516667272529,8,22402,0,1.0,9.0
personas,07,p26,27509,19133,69.55178305281908,5,19133,0,1.0,5.0
personas,07,p27,27509,14649,53.25166309207896,4,14649,0,1.0,4.0
personas,07,p28,27509,24807,90.17776000581628,2,24807,0,1.0,2.0
personas,07,p29,27509,24876,90.42858700788832,37,24876,0,1.0,50.0
personas,07,p30,27509,24876,90.42858700788832,7,24876,0,1.0,7.0
personas,07,p31,27509,25853,93.98015195027082,5,25853,0,1.0,5.0
personas,07,p32,27509,14919,54.23316005670872,11,14919,0,1.0,11.0
personas,07,p33,27509,26991,98.1169798974881,25,26991,0,1.0,52.0
personas,07,p34,27509,15437,56.11618015922062,12,15437,0,1.0,12.0
personas,07,p35,27509,27428,99.70555091061108,2,27428,0,1.0,2.0
personas,07,p36,27509,15499,56.34156094369117,6,15499,0,1.0,6.0
personas,07,p37,27509,26929,97.89159911301756,2,26929,0,1.0,2.0
personas,07,p38,27509,27109,98.54593042277074,8,27109,0,1.0,9.0
personas,07,p39,27509,27109,98.54593042277074,25,27109,0,1.0,104.0
personas,07,p40,27509,13626,49.53288014831509,305,13626,0,111.0,9900.0
personas,07,p41,27509,13626,49.53288014831509,367,13626,0,110.0,9629.0
personas,07,p42,27509,13626,49.53288014831509,9,13626,0,1.0,10.0
personas,07,p42a,27509,22420,81.5005998037006,2,22420,0,1.0,2.0
personas,07,p43,27509,20578,74.80460940055981,6,20578,0,1.0,6.0
personas,07,p44a,27509,20578,74.80460940055981,2,20578,0,1.0,2.0
personas,07,p44b,27509,20578,74.80460940055981,2,20578,0,1.0,2.0
personas,07,p44c,27509,20578,74.80460940055981,2,20578,0,1.0,2.0
personas,07,p44d,27509,20578,74.80460940055981,2,20578,0,1.0,2.0
personas,07,p44e,27509,20578,74.80460940055981,2,20578,0,1.0,2.0
personas,07,p44f,27509,20578,74.80460940055981,2,20578,0,1.0,2.0
personas,07,p44g,27509,20578,74.80460940055981,2,20578,0,1.0,2.0
personas,07,p44h,27509,20578,74.80460940055981,2,20578,0,1.0,2.0
personas,07,p44i,27509,20578,74.80460940055981,2,20578,0,1.0,2.0
personas,07,p44j,27509,20578,74.80460940055981,2,20578,0,1.0,2.0
personas,07,p44k,27509,20578,74.80460940055981,2,20578,0,1.0,2.0
personas,07,p45,27509,14026,50.98694972554437,75,14026,0,0.0,77.0
personas,07,p46,27509,14026,50.98694972554437,10,14026,0,1.0,11.0
personas,07,p47a,27509,14026,50.98694972554437,2,14026,0,1.0,2.0
personas,07,p47b,27509,16506,60.002181104365846,52,16506,0,1.0,90.0
personas,07,p48,27509,16861,61.292667854156825,4,16861,0,1.0,4.0
personas,07,p49,27509,16861,61.292667854156825,3,16861,0,1.0,3.0
personas,07,p50,27509,14026,50.98694972554437,2,14026,0,1.0,2.0
personas,07,p51a,27509,14026,50.98694972554437,75,14026,0,1.0,105.0
personas,07,p51b,27509,26595,96.67745101603111,30,26595,0,1.0,36.0
personas,07,p51c,27509,26595,96.67745101603111,13,26595,0,0.0,20.0
personas,07,p52,27509,26595,96.67745101603111,131,26595,0,111.0,9700.0
personas,07,p53,27509,26595,96.67745101603111,136,26595,0,1324.0,9629.0
personas,07,p54,27509,26595,96.67745101603111,9,26595,0,1.0,10.0
personas,07,p54a,27509,27005,98.16787233269112,1,27005,0,2.0,2.0
personas,07,p55,27509,26595,96.67745101603111,9,26595,0,1.0,11.0
personas,07,p56a,27509,26595,96.67745101603111,2,26595,0,1.0,2.0
personas,07,p56b,27509,26601,96.69926205968956,13,26601,0,1.0,20.0
personas,07,p57,27509,26610,96.73197862517722,4,26610,0,1.0,4.0
personas,07,p58,27509,26610,96.73197862517722,3,26610,0,1.0,3.0
personas,07,p61b1,27509,5615,20.411501690355884,6,5615,0,1.0,6.0
personas,07,p63,27509,22420,81.5005998037006,319,22420,0,0.0,999999.0
personas,07,p64a,27509,22420,81.5005998037006,2,22420,0,1.0,2.0
personas,07,p64b,27509,25489,92.6569486349922,135,25489,0,0.0,999999.0
personas,07,p65,27509,22420,81.5005998037006,296,22420,0,0.0,999999.0
personas,07,p66,27509,20578,74.80460940055981,482,20578,0,0.0,999999.0
personas,07,p67,27509,20578,74.80460940055981,282,20578,0,0.0,999999.0
personas,07,p68a,27509,20578,74.80460940055981,2,20578,0,1.0,2.0
personas,07,p68b,27509,24162,87.83307281253407,210,24162,0,1.0,999999.0
personas,07,p69,27509,26882,97.72074593769312,77,26882,0,0.0,999999.0
personas,07,p70a,27509,26882,97.72074593769312,2,26882,0,1.0,2.0
personas,07,p70b,27509,27268,99.12392307971936,52,27268,0,3.0,295.0
personas,07,p71a,27509,1436,5.220109782253081,2,1436,0,1.0,2.0
personas,07,p71b,27509,27028,98.2514813333818,67,27028,0,20.0,2600.0
personas,07,p72a,27509,1436,5.220109782253081,2,1436,0,1.0,2.0
personas,07,p72b,27509,25315,92.02442836889745,248,25315,0,20.0,999999.0
personas,07,p73a,27509,1436,5.220109782253081,2,1436,0,1.0,2.0
personas,07,p73b,27509,21254,77.26198698607728,130,21254,0,1.0,999999.0
personas,07,p74a,27509,1436,5.220109782253081,2,1436,0,1.0,2.0
personas,07,p74b,27509,27289,99.2002617325239,27,27289,0,30.0,2000.0
personas,07,p75,27509,1436,5.220109782253081,2,1436,0,1.0,2.0
personas,07,p76,27509,26175,95.1506779599404,30,26175,0,50.0,155.0
personas,07,p77,27509,1436,5.220109782253081,2,1436,0,1.0,2.0
personas,07,p78,27509,27447,99.77461921552946,1,27447,0,240.0,240.0
personas,07,sd01,27509,26929,97.89159911301756,1,26929,0,2.0,2.0
personas,07,sd021,27509,26929,97.89159911301756,2,26929,0,1.0,2.0
personas,07,sd022,27509,26929,97.89159911301756,2,26929,0,1.0,2.0
personas,07,sd023,27509,26929,97.89159911301756,2,26929,0,1.0,2.0
personas,07,sd024,27509,26929,97.89159911301756,2,26929,0,1.0,2.0
personas,07,sd025,27509,26929,97.89159911301756,2,26929,0,1.0,2.0
personas,07,sd026,27509,26929,97.89159911301756,1,26929,0,2.0,2.0
personas,07,sd027,27509,26929,97.89159911301756,1,26929,0,2.0,2.0
personas,07,sd028,27509,26929,97.89159911301756,1,26929,0,2.0,2.0
personas,07,sd029,27509,26929,97.89159911301756,1,26929,0,2.0,2.0
personas,07,sd0210,27509,26929,97.89159911301756,1,26929,0,2.0,2.0
personas,07,sd0211,27509,26929,97.89159911301756,1,26929,0,2.0,2.0
personas,07,sd03,27509,26929,97.89159911301756,8,26929,0,1.0,9.0
personas,07,ced01a,27509,0,0.0,3,0,0,1.0,3.0
personas,07,estrato,27509,0,0.0,150,0,0,111.0,2913.0
personas,07,fexp,27509,0,0.0,1288,0,0,0.882640056441623,2137.34807330572
personas,07,nnivins,27509,1436,5.220109782253081,5,1436,0,1.0,5.0
personas,07,ingrl,27509,15435,56.10890981133447,1324,15435,0,-1.0,999999.0
personas,07,ingpc,27509,186,0.6761423534116107,3202,186,0,0.666666666666667,7472.0
personas,07,condact,27509,0,0.0,10,0,0,0.0,9.0
personas,07,empleo,27509,14210,51.65582173106983,1,14210,0,1.0,1.0
personas,07,desempleo,27509,26930,97.89523428696064,1,26930,0,1.0,1.0
personas,07,secemp,27509,14210,51.65582173106983,4,14210,0,1.0,4.0
personas,07,grupo1,27509,14210,51.65582173106983,10,14210,0,1.0,10.0
personas,07,rama1,27509,14210,51.65582173106983,21,14210,0,1.0,21.0
personas,07,prov,27509,0,0.0,24,0,0,1.0,24.0
personas,07,dominio,27509,0,0.0,6,0,0,1.0,6.0
personas,07,pobreza,27509,186,0.6761423534116107,2,186,0,0.0,1.0
personas,07,epobreza,27509,186,0.6761423534116107,2,186,0,0.0,1.0
personas,07,upm,27509,0,0.0,1288,0,0,10150001002.0,240352002703.0
personas,07,id_vivienda,27509,0,0.0,8571,0,0,1.0150001002068013e+17,2.403520027030541e+18
personas,07,id_hogar,27509,0,0.0,8607,0,0,1.015000100206801e+18,2.4035200270305407e+19
personas,07,id_persona,27509,0,0.0,27509,0,0,1.015000100206801e+20,2.403520027030541e+21
personas,07,periodo,27509,0,0.0,1,0,0,202507.0,202507.0
personas,07,mes,27509,0,0.0,1,0,0,7.0,7.0
personas,08,area,27580,0,0.0,2,0,0,1.0,2.0
personas,08,ciudad,27580,0,0.0,303,0,0,10150.0,240352.0
personas,08,conglomerado,27580,0,0.0,303,0,0,10150.0,240352.0
personas,08,panelm,27580,0,0.0,4,0,0,57.0,72.0
personas,08,vivienda,27580,0,0.0,10,0,0,1.0,10.0
personas,08,hogar,27580,0,0.0,3,0,0,1.0,3.0
personas,08,p01,27580,0,0.0,15,0,0,1.0,15.0
personas,08,p02,27580,0,0.0,2,0,0,1.0,2.0
personas,08,p03,27580,0,0.0,99,0,0,0.0,98.0
personas,08,p04,27580,0,0.0,9,0,0,1.0,9.0
personas,08,p05a,27580,0,0.0,7,0,0,1.0,10.0
personas,08,p05b,27580,0,0.0,5,0,0,4.0,10.0
personas,08,p06,27580,4101,14.869470630891952,6,4101,0,1.0,6.0
personas,08,p07,27580,1459,5.2900652646845545,2,1459,0,1.0,2.0
personas,08,p08,27580,20239,73.38288614938361,6,20239,0,1.0,6.0
personas,08,p09,27580,8800,31.90717911530094,15,8800,0,1.0,17.0
personas,08,p10a,27580,1459,5.2900652646845545,9,1459,0,1.0,10.0
personas,08,p10b,27580,2143,7.770123277737491,11,2143,0,0.0,10.0
personas,08,p11,27580,16492,59.79695431472081,2,16492,0,1.0,2.0
personas,08,p12a,27580,21619,78.38651196519216,2,21619,0,1.0,2.0
personas,08,p12b,27580,23532,85.32269760696155,498,23532,0,10110102.0,61010301.0
personas,08,p15,27580,1459,5.2900652646845545,8,1459,0,1.0,8.0
personas,08,p15aa,27580,0,0.0,3,0,0,1.0,3.0
personas,08,p15ab,27580,17732,64.2929659173314,673,17732,0,32.0,240352.0
personas,08,cod_inf,27580,1459,5.2900652646845545,9,1459,0,1.0,10.0
personas,08,p20,27580,1459,5.2900652646845545,2,1459,0,1.0,2.0
personas,08,p21,27580,14332,51.96519216823785,11,14332,0,1.0,12.0
personas,08,p22,27580,14866,53.90137781000725,2,14866,0,1.0,2.0
personas,08,p23,27580,27268,98.86874546773024,6,27268,0,1.0,7.0
personas,08,p24,27580,13861,50.25743292240754,84,13861,0,1.0,112.0
personas,08,p25,27580,22118,80.19579405366207,9,22118,0,1.0,9.0
personas,08,p26,27580,19323,70.06163886874546,5,19323,0,1.0,5.0
personas,08,p27,27580,14546,52.74111675126903,4,14546,0,1.0,4.0
personas,08,p28,27580,24935,90.40971718636692,2,24935,0,1.0,2.0
personas,08,p29,27580,25015,90.69978245105148,39,25015,0,2.0,50.0
personas,08,p30,27580,25015,90.69978245105148,7,25015,0,1.0,7.0
personas,08,p31,27580,25944,94.06816533720088,5,25944,0,1.0,5.0
personas,08,p32,27580,15178,55.03263234227701,10,15178,0,1.0,11.0
personas,08,p33,27580,26993,97.8716461203771,29,26993,0,1.0,96.0
personas,08,p34,27580,15765,57.160986221899925,11,15765,0,1.0,12.0
personas,08,p35,27580,27503,99.72081218274111,2,27503,0,1.0,2.0
personas,08,p36,27580,15819,57.356780275562,6,15819,0,1.0,6.0
personas,08,p37,27580,26939,97.675852066715,2,26939,0,1.0,2.0
personas,08,p38,27580,27167,98.502538071066,9,27167,0,1.0,9.0
personas,08,p39,27580,27167,98.502538071066,32,27167,0,1.0,416.0
personas,08,p40,27580,13448,48.75997099347353,302,13448,0,111.0,9900.0
personas,08,p41,27580,13448,48.75997099347353,357,13448,0,110.0,9629.0
personas,08,p42,27580,13448,48.75997099347353,9,13448,0,1.0,10.0
personas,08,p42a,27580,22379,81.14213197969544,2,22379,0,1.0,2.0
personas,08,p43,27580,20573,74.59390862944163,6,20573,0,1.0,6.0
personas,08,p44a,27580,20573,74.59390862944163,2,20573,0,1.0,2.0
personas,08,p44b,27580,20573,74.59390862944163,2,20573,0,1.0,2.0
personas,08,p44c,27580,20573,74.59390862944163,2,20573,0,1.0,2.0
personas,08,p44d,27580,20573,74.59390862944163,2,20573,0,1.0,2.0
personas,08,p44e,27580,20573,74.59390862944163,2,20573,0,1.0,2.0
personas,08,p44f,27580,20573,74.59390862944163,2,20573,0,1.0,2.0
personas,08,p44g,27580,20573,74.59390862944163,2,20573,0,1.0,2.0
personas,08,p44h,27580,20573,74.59390862944163,2,20573,0,1.0,2.0
personas,08,p44i,27580,20573,74.59390862944163,2,20573,0,1.0,2.0
personas,08,p44j,27580,20573,74.59390862944163,2,20573,0,1.0,2.0
personas,08,p44k,27580,20573,74.59390862944163,2,20573,0,1.0,2.0
personas,08,p45,27580,13861,50.25743292240754,77,13861,0,0.0,82.0
personas,08,p46,27580,13861,50.25743292240754,11,13861,0,1.0,12.0
personas,08,p47a,27580,13861,50.25743292240754,2,13861,0,1.0,2.0
personas,08,p47b,27580,16283,59.03915881073242,53,16283,0,1.0,97.0
personas,08,p48,27580,16629,60.29369108049311,4,16629,0,1.0,4.0
personas,08,p49,27580,16629,60.29369108049311,3,16629,0,1.0,3.0
personas,08,p50,27580,13861,50.25743292240754,2,13861,0,1.0,2.0
personas,08,p51a,27580,13861,50.25743292240754,77,13861,0,1.0,112.0
personas,08,p51b,27580,26653,96.63886874546772,30,26653,0,1.0,40.0
personas,08,p51c,27580,26653,96.63886874546772,14,26653,0,0.0,20.0
personas,08,p52,27580,26653,96.63886874546772,125,26653,0,111.0,9700.0
personas,08,p53,27580,26653,96.63886874546772,127,26653,0,1113.0,9612.0
personas,08,p54,27580,26653,96.63886874546772,9,26653,0,1.0,10.0
personas,08,p54a,27580,27061,98.11820159535895,2,27061,0,1.0,2.0
personas,08,p55,27580,26653,96.63886874546772,10,26653,0,1.0,11.0
personas,08,p56a,27580,26653,96.63886874546772,2,26653,0,1.0,2.0
personas,08,p56b,27580,26658,96.65699782451053,15,26658,0,1.0,20.0
personas,08,p57,27580,26670,96.7005076142132,4,26670,0,1.0,4.0
personas,08,p58,27580,26670,96.7005076142132,3,26670,0,1.0,3.0
personas,08,p61b1,27580,5572,20.20304568527919,6,5572,0,1.0,6.0
personas,08,p63,27580,22379,81.14213197969544,303,22379,0,0.0,999999.0
personas,08,p64a,27580,22379,81.14213197969544,2,22379,0,1.0,2.0
personas,08,p64b,27580,25488,92.41479332849892,133,25488,0,0.0,999999.0
personas,08,p65,27580,22379,81.14213197969544,287,22379,0,0.0,999999.0
personas,08,p66,27580,20573,74.59390862944163,468,20573,0,0.0,999999.0
personas,08,p67,27580,20573,74.59390862944163,272,20573,0,0.0,999999.0
personas,08,p68a,27580,20573,74.59390862944163,2,20573,0,1.0,2.0
personas,08,p68b,27580,24158,87.5924583031182,195,24158,0,1.0,999999.0
personas,08,p69,27580,26943,97.69035532994924,78,26943,0,0.0,999999.0
personas,08,p70a,27580,26943,97.69035532994924,2,26943,0,1.0,2.0
personas,08,p70b,27580,27306,99.0065264684554,58,27306,0,1.0,300.0
personas,08,p71a,27580,1459,5.2900652646845545,2,1459,0,1.0,2.0
personas,08,p71b,27580,27061,98.11820159535895,69,27061,0,15.0,999999.0
personas,08,p72a,27580,1459,5.2900652646845545,2,1459,0,1.0,2.0
personas,08,p72b,27580,25398,92.0884699057288,266,25398,0,45.0,999999.0
personas,08,p73a,27580,1459,5.2900652646845545,2,1459,0,1.0,2.0
personas,08,p73b,27580,21225,76.95794053662074,114,21225,0,1.0,999999.0
personas,08,p74a,27580,1459,5.2900652646845545,2,1459,0,1.0,2.0
personas,08,p74b,27580,27348,99.1588107324148,31,27348,0,10.0,2500.0
personas,08,p75,27580,1459,5.2900652646845545,2,1459,0,1.0,2.0
personas,08,p76,27580,26375,95.6308919506889,33,26375,0,50.0,322.0
personas,08,p77,27580,1459,5.2900652646845545,2,1459,0,1.0,2.0
personas,08,p78,27580,27513,99.75707034082669,2,27513,0,240.0,480.0
personas,08,sd01,27580,26939,97.675852066715,1,26939,0,2.0,2.0
personas,08,sd021,27580,26939,97.675852066715,2,26939,0,1.0,2.0
personas,08,sd022,27580,26939,97.675852066715,2,26939,0,1.0,2.0
personas,08,sd023,27580,26939,97.675852066715,2,26939,0,1.0,2.0
personas,08,sd024,27580,26939,97.675852066715,2,26939,0,1.0,2.0
personas,08,sd025,27580,26939,97.675852066715,2,26939,0,1.0,2.0
personas,08,sd026,27580,26939,97.675852066715,1,26939,0,2.0,2.0
personas,08,sd027,27580,26939,97.675852066715,1,26939,0,2.0,2.0
personas,08,sd028,27580,26939,97.675852066715,1,26939,0,2.0,2.0
personas,08,sd029,27580,26939,97.675852066715,1,26939,0,2.0,2.0
personas,08,sd0210,27580,26939,97.675852066715,1,26939,0,2.0,2.0
personas,08,sd0211,27580,26939,97.675852066715,1,26939,0,2.0,2.0
personas,08,sd03,27580,26939,97.675852066715,9,26939,0,1.0,9.0
personas,08,ced01a,27580,0,0.0,3,0,0,1.0,3.0
personas,08,estrato,27580,0,0.0,150,0,0,111.0,2913.0
personas,08,fexp,27580,0,0.0,1288,0,0,0.72462169285626,1620.85067610876
personas,08,nnivins,27580,1459,5.2900652646845545,5,1459,0,1.0,5.0
personas,08,ingrl,27580,15311,55.51486584481509,1278,15311,0,-1.0,999999.0
personas,08,ingpc,27580,139,0.5039883973894126,3218,139,0,1.0,15180.0
personas,08,condact,27580,0,0.0,10,0,0,0.0,9.0
personas,08,empleo,27580,14033,50.881073241479335,1,14033,0,1.0,1.0
personas,08,desempleo,27580,26940,97.67947788252356,1,26940,0,1.0,1.0
personas,08,secemp,27580,14033,50.881073241479335,4,14033,0,1.0,4.0
personas,08,grupo1,27580,14033,50.881073241479335,10,14033,0,1.0,10.0
personas,08,rama1,27580,14033,50.881073241479335,21,14033,0,1.0,21.0
personas,08,prov,27580,0,0.0,24,0,0,1.0,24.0
personas,08,dominio,27580,0,0.0,6,0,0,1.0,6.0
personas,08,pobreza,27580,139,0.5039883973894126,2,139,0,0.0,1.0
personas,08,epobreza,27580,139,0.5039883973894126,2,139,0,0.0,1.0
personas,08,upm,27580,0,0.0,1288,0,0,10150000301.0,240352003103.0
personas,08,id_vivienda,27580,0,0.0,8575,0,0,1.015000030106902e+17,2.4035200310306606e+18
personas,08,id_hogar,27580,0,0.0,8607,0,0,1.015000030106902e+18,2.4035200310306607e+19
personas,08,id_persona,27580,0,0.0,27580,0,0,1.015000030106902e+20,2.4035200310306606e+21
personas,08,periodo,27580,0,0.0,1,0,0,202508.0,202508.0
personas,08,mes,27580,0,0.0,1,0,0,8.0,8.0
personas,09,area,27332,0,0.0,2,0,0,1.0,2.0
personas,09,ciudad,27332,0,0.0,339,0,0,10150.0,240352.0
personas,09,conglomerado,27332,0,0.0,335,0,0,10150.0,240352.0
personas,09,panelm,27332,0,0.0,4,0,0,60.0,73.0
personas,09,vivienda,27332,0,0.0,10,0,0,1.0,10.0
personas,09,hogar,27332,0,0.0,3,0,0,1.0,3.0
personas,09,p01,27332,0,0.0,14,0,0,1.0,14.0
personas,09,p02,27332,0,0.0,2,0,0,1.0,2.0
personas,09,p03,27332,0,0.0,99,0,0,0.0,98.0
personas,09,p04,27332,0,0.0,9,0,0,1.0,9.0
personas,09,p05a,27332,0,0.0,8,0,0,1.0,10.0
personas,09,p05b,27332,0,0.0,5,0,0,4.0,10.0
personas,09,p06,27332,4200,15.366603248938974,6,4200,0,1.0,6.0
personas,09,p07,27332,1469,5.374652422069369,2,1469,0,1.0,2.0
personas,09,p08,27332,19984,73.11576174447534,6,19984,0,1.0,6.0
personas,09,p09,27332,8817,32.258890677594025,15,8817,0,1.0,17.0
personas,09,p10a,27332,1469,5.374652422069369,9,1469,0,1.0,10.0
personas,09,p10b,27332,2163,7.91380067320357,11,2163,0,0.0,10.0
personas,09,p11,27332,16269,59.523635299282894,2,16269,0,1.0,2.0
personas,09,p12a,27332,21364,78.16478852626958,2,21364,0,1.0,2.0
personas,09,p12b,27332,23285,85.19318015512953,514,23285,0,10110201.0,60610404.0
personas,09,p15,27332,1469,5.374652422069369,8,1469,0,1.0,8.0
personas,09,p15aa,27332,0,0.0,3,0,0,1.0,3.0
personas,09,p15ab,27332,17490,63.990926386653,690,17490,0,32.0,240352.0
personas,09,cod_inf,27332,1469,5.374652422069369,9,1469,0,1.0,10.0
personas,09,p20,27332,1469,5.374652422069369,2,1469,0,1.0,2.0
personas,09,p21,27332,14162,51.814722669398506,10,14162,0,1.0,12.0
personas,09,p22,27332,14664,53.65139762915264,2,14664,0,1.0,2.0
personas,09,p23,27332,27105,99.16947168154545,6,27105,0,1.0,7.0
personas,09,p24,27332,13910,50.892726474462165,80,13910,0,1.0,98.0
personas,09,p25,27332,22265,81.46129079467292,9,22265,0,1.0,9.0
personas,09,p26,27332,18977,69.43143567978926,5,18977,0,1.0,5.0
personas,09,p27,27332,14528,53.15381238109176,4,14528,0,1.0,4.0
personas,09,p28,27332,24775,90.6446655934436,2,24775,0,1.0,2.0
personas,09,p29,27332,24842,90.88979950241476,34,24842,0,2.0,45.0
personas,09,p30,27332,24842,90.88979950241476,7,24842,0,1.0,7.0
personas,09,p31,27332,25625,93.75457339382407,5,25625,0,1.0,5.0
personas,09,p32,27332,14891,54.4819259476072,9,14891,0,1.0,11.0
personas,09,p33,27332,26798,98.0462461583492,28,26798,0,1.0,60.0
personas,09,p34,27332,15425,56.43567978925801,12,15425,0,1.0,12.0
personas,09,p35,27332,27259,99.7329138006732,2,27259,0,1.0,2.0
personas,09,p36,27332,15483,56.64788526269574,6,15483,0,1.0,6.0
personas,09,p37,27332,26740,97.83404068491146,2,26740,0,1.0,2.0
personas,09,p38,27332,26948,98.59505341723988,8,26948,0,1.0,9.0
personas,09,p39,27332,26948,98.59505341723988,33,26948,0,1.0,312.0
personas,09,p40,27332,13526,49.48777989170203,304,13526,0,111.0,9900.0
personas,09,p41,27332,13526,49.48777989170203,355,13526,0,110.0,9629.0
personas,09,p42,27332,13526,49.48777989170203,9,13526,0,1.0,10.0
personas,09,p42a,27332,22278,81.50885409044344,2,22278,0,1.0,2.0
personas,09,p43,27332,20402,74.64510463925069,6,20402,0,1.0,6.0
personas,09,p44a,27332,20402,74.64510463925069,2,20402,0,1.0,2.0
personas,09,p44b,27332,20402,74.64510463925069,2,20402,0,1.0,2.0
personas,09,p44c,27332,20402,74.64510463925069,2,20402,0,1.0,2.0
personas,09,p44d,27332,20402,74.64510463925069,2,20402,0,1.0,2.0
personas,09,p44e,27332,20402,74.64510463925069,2,20402,0,1.0,2.0
personas,09,p44f,27332,20402,74.64510463925069,2,20402,0,1.0,2.0
personas,09,p44g,27332,20402,74.64510463925069,2,20402,0,1.0,2.0
personas,09,p44h,27332,20402,74.64510463925069,2,20402,0,1.0,2.0
personas,09,p44i,27332,20402,74.64510463925069,2,20402,0,1.0,2.0
personas,09,p44j,27332,20402,74.64510463925069,2,20402,0,1.0,2.0
personas,09,p44k,27332,20402,74.64510463925069,2,20402,0,1.0,2.0
personas,09,p45,27332,13910,50.892726474462165,78,13910,0,0.0,80.0
personas,09,p46,27332,13910,50.892726474462165,11,13910,0,1.0,11.0
personas,09,p47a,27332,13910,50.892726474462165,2,13910,0,1.0,2.0
personas,09,p47b,27332,16343,59.794380213668965,50,16343,0,1.0,86.0
personas,09,p48,27332,16700,61.10054148982877,4,16700,0,1.0,4.0
personas,09,p49,27332,16700,61.10054148982877,3,16700,0,1.0,3.0
personas,09,p50,27332,13910,50.892726474462165,2,13910,0,1.0,2.0
personas,09,p51a,27332,13910,50.892726474462165,76,13910,0,1.0,98.0
personas,09,p51b,27332,26527,97.0547343772867,26,26527,0,1.0,40.0
personas,09,p51c,27332,26527,97.0547343772867,11,26527,0,0.0,10.0
personas,09,p52,27332,26527,97.0547343772867,117,26527,0,111.0,9700.0
personas,09,p53,27332,26527,97.0547343772867,127,26527,0,1113.0,9629.0
personas,09,p54,27332,26527,97.0547343772867,9,26527,0,1.0,10.0
personas,09,p54a,27332,26884,98.3608956534465,2,26884,0,1.0,2.0
personas,09,p55,27332,26527,97.0547343772867,9,26527,0,1.0,11.0
personas,09,p56a,27332,26527,97.0547343772867,2,26527,0,1.0,2.0
personas,09,p56b,27332,26536,97.08766281282014,13,26536,0,1.0,30.0
personas,09,p57,27332,26547,97.12790867847212,4,26547,0,1.0,4.0
personas,09,p58,27332,26547,97.12790867847212,3,26547,0,1.0,3.0
personas,09,p61b1,27332,5642,20.64247036440802,6,5642,0,1.0,6.0
personas,09,p63,27332,22278,81.50885409044344,304,22278,0,0.0,999999.0
personas,09,p64a,27332,22278,81.50885409044344,2,22278,0,1.0,2.0
personas,09,p64b,27332,25376,92.84355334406555,134,25376,0,2.0,999999.0
personas,09,p65,27332,22278,81.50885409044344,307,22278,0,0.0,999999.0
personas,09,p66,27332,20402,74.64510463925069,555,20402,0,0.0,999999.0
personas,09,p67,27332,20402,74.64510463925069,264,20402,0,0.0,999999.0
personas,09,p68a,27332,20402,74.64510463925069,2,20402,0,1.0,2.0
personas,09,p68b,27332,24084,88.11649348748719,209,24084,0,1.0,999999.0
personas,09,p69,27332,26750,97.87062783550418,75,26750,0,0.0,999999.0
personas,09,p70a,27332,26750,97.87062783550418,2,26750,0,1.0,2.0
personas,09,p70b,27332,27121,99.22801112249375,50,27121,0,0.0,750.0
personas,09,p71a,27332,1469,5.374652422069369,2,1469,0,1.0,2.0
personas,09,p71b,27332,26840,98.19991219083856,65,26840,0,10.0,999999.0
personas,09,p72a,27332,1469,5.374652422069369,2,1469,0,1.0,2.0
personas,09,p72b,27332,25197,92.18864334845604,290,25197,0,50.0,999999.0
personas,09,p73a,27332,1469,5.374652422069369,2,1469,0,1.0,2.0
personas,09,p73b,27332,21335,78.05868578955071,124,21335,0,1.0,10000.0
personas,09,p74a,27332,1469,5.374652422069369,2,1469,0,1.0,2.0
personas,09,p74b,27332,27110,99.1877652568418,32,27110,0,7.0,2500.0
personas,09,p75,27332,1469,5.374652422069369,2,1469,0,1.0,2.0
personas,09,p76,27332,25975,95.035123664569,33,25975,0,50.0,175.0
personas,09,p77,27332,1469,5.374652422069369,2,1469,0,1.0,2.0
personas,09,p78,27332,27242,99.6707156446656,3,27242,0,240.0,480.0
personas,09,sd01,27332,26740,97.83404068491146,1,26740,0,2.0,2.0
personas,09,sd021,27332,26740,97.83404068491146,2,26740,0,1.0,2.0
personas,09,sd022,27332,26740,97.83404068491146,2,26740,0,1.0,2.0
personas,09,sd023,27332,26740,97.83404068491146,2,26740,0,1.0,2.0
personas,09,sd024,27332,26740,97.83404068491146,2,26740,0,1.0,2.0
personas,09,sd025,27332,26740,97.83404068491146,2,26740,0,1.0,2.0
personas,09,sd026,27332,26740,97.83404068491146,1,26740,0,2.0,2.0
personas,09,sd027,27332,26740,97.83404068491146,1,26740,0,2.0,2.0
personas,09,sd028,27332,26740,97.83404068491146,1,26740,0,2.0,2.0
personas,09,sd029,27332,26740,97.83404068491146,1,26740,0,2.0,2.0
personas,09,sd0210,27332,26740,97.83404068491146,1,26740,0,2.0,2.0
personas,09,sd0211,27332,26740,97.83404068491146,1,26740,0,2.0,2.0
personas,09,sd03,27332,26740,97.83404068491146,8,26740,0,1.0,9.0
personas,09,ced01a,27332,0,0.0,3,0,0,1.0,3.0
personas,09,estrato,27332,0,0.0,150,0,0,111.0,2913.0
personas,09,fexp,27332,0,0.0,1287,0,0,1.34229072003287,2259.21347044793
personas,09,nnivins,27332,1469,5.374652422069369,5,1469,0,1.0,5.0
personas,09,ingrl,27332,15310,56.01492755744183,1507,15310,0,-1.0,999999.0
personas,09,ingpc,27332,198,0.7244255817356944,3398,198,0,0.6,8333.33333333333
personas,09,condact,27332,0,0.0,10,0,0,0.0,9.0
personas,09,empleo,27332,14047,51.393970437582325,1,14047,0,1.0,1.0
personas,09,desempleo,27332,26741,97.83769939997072,1,26741,0,1.0,1.0
personas,09,secemp,27332,14047,51.393970437582325,4,14047,0,1.0,4.0
personas,09,grupo1,27332,14047,51.393970437582325,10,14047,0,1.0,10.0
personas,09,rama1,27332,14047,51.393970437582325,21,14047,0,1.0,21.0
personas,09,prov,27332,0,0.0,24,0,0,1.0,24.0
personas,09,dominio,27332,0,0.0,6,0,0,1.0,6.0
personas,09,pobreza,27332,198,0.7244255817356944,2,198,0,0.0,1.0
personas,09,epobreza,27332,198,0.7244255817356944,2,198,0,0.0,1.0
personas,09,upm,27332,0,0.0,1288,0,0,10150000204.0,240352001201.0
personas,09,id_vivienda,27332,0,0.0,8548,0,0,1.0150000204067011e+17,2.4035200120107305e+18
personas,09,id_hogar,27332,0,0.0,8584,0,0,1.015000020406701e+18,2.4035200120107307e+19
personas,09,id_persona,27332,0,0.0,27332,0,0,1.015000020406701e+20,2.403520012010731e+21
personas,09,periodo,27332,0,0.0,1,0,0,202509.0,202509.0
personas,09,mes,27332,0,0.0,1,0,0,9.0,9.0
personas,10,area,27809,0,0.0,2,0,0,1.0,2.0
personas,10,ciudad,27809,0,0.0,344,0,0,10150.0,240351.0
personas,10,conglomerado,27809,0,0.0,342,0,0,10150.0,240351.0
personas,10,panelm,27809,0,0.0,4,0,0,52.0,74.0
personas,10,vivienda,27809,0,0.0,10,0,0,1.0,10.0
personas,10,hogar,27809,0,0.0,3,0,0,1.0,3.0
personas,10,p01,27809,0,0.0,16,0,0,1.0,16.0
personas,10,p02,27809,0,0.0,2,0,0,1.0,2.0
personas,10,p03,27809,0,0.0,99,0,0,0.0,98.0
personas,10,p04,27809,0,0.0,9,0,0,1.0,9.0
personas,10,p05a,27809,0,0.0,7,0,0,1.0,10.0
personas,10,p05b,27809,0,0.0,5,0,0,4.0,10.0
personas,10,p06,27809,4204,15.117408033370491,6,4204,0,1.0,6.0
personas,10,p07,27809,1418,5.099068646840951,2,1418,0,1.0,2.0
personas,10,p08,27809,20333,73.11661692257903,6,20333,0,1.0,6.0
personas,10,p09,27809,8894,31.982451724261928,16,8894,0,1.0,17.0
personas,10,p10a,27809,1418,5.099068646840951,9,1418,0,1.0,10.0
personas,10,p10b,27809,2193,7.885936207702543,11,2193,0,0.0,10.0
personas,10,p11,27809,16617,59.75403646301557,2,16617,0,1.0,2.0
personas,10,p12a,27809,21800,78.39188751842929,2,21800,0,1.0,2.0
personas,10,p12b,27809,23718,85.28893523679383,512,23718,0,10110201.0,60910203.0
personas,10,p15,27809,1418,5.099068646840951,8,1418,0,1.0,8.0
personas,10,p15aa,27809,0,0.0,3,0,0,1.0,3.0
personas,10,p15ab,27809,17882,64.3029235139703,668,17882,0,32.0,240352.0
personas,10,cod_inf,27809,1418,5.099068646840951,8,1418,0,1.0,8.0
personas,10,p20,27809,1418,5.099068646840951,2,1418,0,1.0,2.0
personas,10,p21,27809,14267,51.303534826854616,10,14267,0,1.0,12.0
personas,10,p22,27809,14773,53.12308964723651,2,14773,0,1.0,2.0
personas,10,p23,27809,27570,99.14056600381171,7,27570,0,1.0,7.0
personas,10,p24,27809,14215,51.11654500341616,80,14215,0,1.0,105.0
personas,10,p25,27809,22044,79.2693013053328,8,22044,0,1.0,9.0
personas,10,p26,27809,19980,71.84724369808335,5,19980,0,1.0,5.0
personas,10,p27,27809,14870,53.47189758711208,4,14870,0,1.0,4.0
personas,10,p28,27809,25228,90.71883203279512,2,25228,0,1.0,2.0
personas,10,p29,27809,25304,90.99212485166672,35,25304,0,1.0,45.0
personas,10,p30,27809,25304,90.99212485166672,7,25304,0,1.0,7.0
personas,10,p31,27809,26057,93.69988133338128,5,26057,0,1.0,5.0
personas,10,p32,27809,15012,53.9825236434248,9,15012,0,1.0,11.0
personas,10,p33,27809,27253,98.00064727246574,29,27253,0,1.0,52.0
personas,10,p34,27809,15568,55.98187637095904,12,15568,0,1.0,12.0
personas,10,p35,27809,27748,99.78064655327412,2,27748,0,1.0,2.0
personas,10,p36,27809,15615,56.15088640368226,6,15615,0,1.0,6.0
personas,10,p37,27809,27206,97.83163723974252,2,27206,0,1.0,2.0
personas,10,p38,27809,27412,98.57240461721024,7,27412,0,1.0,9.0
personas,10,p39,27809,27412,98.57240461721024,32,27412,0,1.0,208.0
personas,10,p40,27809,13818,49.68894962062642,307,13818,0,111.0,9900.0
personas,10,p41,27809,13818,49.68894962062642,363,13818,0,110.0,9629.0
personas,10,p42,27809,13818,49.68894962062642,10,13818,0,1.0,10.0
personas,10,p42a,27809,22526,81.00255313028157,2,22526,0,1.0,2.0
personas,10,p43,27809,20902,75.16271710597289,6,20902,0,1.0,6.0
personas,10,p44a,27809,20902,75.16271710597289,2,20902,0,1.0,2.0
personas,10,p44b,27809,20902,75.16271710597289,2,20902,0,1.0,2.0
personas,10,p44c,27809,20902,75.16271710597289,2,20902,0,1.0,2.0
personas,10,p44d,27809,20902,75.16271710597289,2,20902,0,1.0,2.0
personas,10,p44e,27809,20902,75.16271710597289,2,20902,0,1.0,2.0
personas,10,p44f,27809,20902,75.16271710597289,2,20902,0,1.0,2.0
personas,10,p44g,27809,20902,75.16271710597289,2,20902,0,1.0,2.0
personas,10,p44h,27809,20902,75.16271710597289,2,20902,0,1.0,2.0
personas,10,p44i,27809,20902,75.16271710597289,2,20902,0,1.0,2.0
personas,10,p44j,27809,20902,75.16271710597289,2,20902,0,1.0,2.0
personas,10,p44k,27809,20902,75.16271710597289,2,20902,0,1.0,2.0
personas,10,p45,27809,14215,51.11654500341616,77,14215,0,0.0,80.0
personas,10,p46,27809,14215,51.11654500341616,10,14215,0,1.0,11.0
personas,10,p47a,27809,14215,51.11654500341616,2,14215,0,1.0,2.0
personas,10,p47b,27809,16700,60.05250098888849,51,16700,0,1.0,98.0
personas,10,p48,27809,17058,61.339854004099394,4,17058,0,1.0,4.0
personas,10,p49,27809,17058,61.339854004099394,3,17058,0,1.0,3.0
personas,10,p50,27809,14215,51.11654500341616,2,14215,0,1.0,2.0
personas,10,p51a,27809,14215,51.11654500341616,75,14215,0,1.0,105.0
personas,10,p51b,27809,26921,96.80678916897408,31,26921,0,1.0,40.0
personas,10,p51c,27809,26921,96.80678916897408,14,26921,0,0.0,20.0
personas,10,p52,27809,26921,96.80678916897408,120,26921,0,111.0,9700.0
personas,10,p53,27809,26921,96.80678916897408,129,26921,0,1211.0,9623.0
personas,10,p54,27809,26921,96.80678916897408,8,26921,0,2.0,10.0
personas,10,p54a,27809,27287,98.12290984932936,2,27287,0,1.0,2.0
personas,10,p55,27809,26921,96.80678916897408,9,26921,0,1.0,11.0
personas,10,p56a,27809,26921,96.80678916897408,2,26921,0,1.0,2.0
personas,10,p56b,27809,26927,96.82836491783236,16,26927,0,1.0,50.0
personas,10,p57,27809,26928,96.8319608759754,4,26928,0,1.0,4.0
personas,10,p58,27809,26928,96.8319608759754,3,26928,0,1.0,3.0
personas,10,p61b1,27809,5627,20.23445647092668,6,5627,0,1.0,6.0
personas,10,p63,27809,22526,81.00255313028157,303,22526,0,0.0,999999.0
personas,10,p64a,27809,22526,81.00255313028157,2,22526,0,1.0,2.0
personas,10,p64b,27809,25665,92.29026574130678,145,25665,0,1.0,999999.0
personas,10,p65,27809,22526,81.00255313028157,290,22526,0,0.0,999999.0
personas,10,p66,27809,20902,75.16271710597289,463,20902,0,0.0,999999.0
personas,10,p67,27809,20902,75.16271710597289,269,20902,0,0.0,999999.0
personas,10,p68a,27809,20902,75.16271710597289,2,20902,0,1.0,2.0
personas,10,p68b,27809,24600,88.46057031896149,191,24600,0,1.0,999999.0
personas,10,p69,27809,27168,97.69499083030674,78,27168,0,0.0,999999.0
personas,10,p70a,27809,27168,97.69499083030674,2,27168,0,1.0,2.0
personas,10,p70b,27809,27549,99.06505088280772,56,27549,0,2.0,999999.0
personas,10,p71a,27809,1418,5.099068646840951,2,1418,0,1.0,2.0
personas,10,p71b,27809,27292,98.1408896400446,64,27292,0,40.0,6500.0
personas,10,p72a,27809,1418,5.099068646840951,2,1418,0,1.0,2.0
personas,10,p72b,27809,25558,91.90549822000072,230,25558,0,6.0,999999.0
personas,10,p73a,27809,1418,5.099068646840951,2,1418,0,1.0,2.0
personas,10,p73b,27809,21779,78.3163723974253,129,21779,0,1.0,999999.0
personas,10,p74a,27809,1418,5.099068646840951,2,1418,0,1.0,2.0
personas,10,p74b,27809,27614,99.2987881621058,25,27614,0,30.0,2000.0
personas,10,p75,27809,1418,5.099068646840951,2,1418,0,1.0,2.0
personas,10,p76,27809,26497,95.28210291632206,37,26497,0,50.0,195.0
personas,10,p77,27809,1418,5.099068646840951,2,1418,0,1.0,2.0
personas,10,p78,27809,27733,99.72670718112842,1,27733,0,240.0,240.0
personas,10,sd01,27809,27206,97.83163723974252,1,27206,0,2.0,2.0
personas,10,sd021,27809,27206,97.83163723974252,2,27206,0,1.0,2.0
personas,10,sd022,27809,27206,97.83163723974252,2,27206,0,1.0,2.0
personas,10,sd023,27809,27206,97.83163723974252,2,27206,0,1.0,2.0
personas,10,sd024,27809,27206,97.83163723974252,2,27206,0,1.0,2.0
personas,10,sd025,27809,27206,97.83163723974252,2,27206,0,1.0,2.0
personas,10,sd026,27809,27206,97.83163723974252,1,27206,0,2.0,2.0
personas,10,sd027,27809,27206,97.83163723974252,1,27206,0,2.0,2.0
personas,10,sd028,27809,27206,97.83163723974252,1,27206,0,2.0,2.0
personas,10,sd029,27809,27206,97.83163723974252,1,27206,0,2.0,2.0
personas,10,sd0210,27809,27206,97.83163723974252,1,27206,0,2.0,2.0
personas,10,sd0211,27809,27206,97.83163723974252,1,27206,0,2.0,2.0
personas,10,sd03,27809,27206,97.83163723974252,8,27206,0,1.0,9.0
personas,10,ced01a,27809,0,0.0,3,0,0,1.0,3.0
personas,10,estrato,27809,0,0.0,150,0,0,111.0,2913.0
personas,10,fexp,27809,0,0.0,1288,0,0,0.97525416676942,1275.06159691085
personas,10,nnivins,27809,1418,5.099068646840951,5,1418,0,1.0,5.0
personas,10,ingrl,27809,15572,55.99626020353124,1287,15572,0,-1.0,999999.0
personas,10,ingpc,27809,177,0.6364845913193571,3140,177,0,1.25,7400.0
personas,10,condact,27809,0,0.0,10,0,0,0.0,9.0
personas,10,empleo,27809,14347,51.59121147829839,1,14347,0,1.0,1.0
personas,10,desempleo,27809,27207,97.83523319788556,1,27207,0,1.0,1.0
personas,10,secemp,27809,14347,51.59121147829839,4,14347,0,1.0,4.0
personas,10,grupo1,27809,14347,51.59121147829839,10,14347,0,1.0,10.0
personas,10,rama1,27809,14347,51.59121147829839,21,14347,0,1.0,21.0
personas,10,prov,27809,0,0.0,24,0,0,1.0,24.0
personas,10,dominio,27809,0,0.0,6,0,0,1.0,6.0
personas,10,pobreza,27809,177,0.6364845913193571,2,177,0,0.0,1.0
personas,10,epobreza,27809,177,0.6364845913193571,2,177,0,0.0,1.0
personas,10,upm,27809,0,0.0,1288,0,0,10150001002.0,240351000301.0
personas,10,id_vivienda,27809,0,0.0,8742,0,0,1.0150001002068013e+17,2.4035100030107105e+18
personas,10,id_hogar,27809,0,0.0,8757,0,0,1.015000100206801e+18,2.4035100030107107e+19
personas,10,id_persona,27809,0,0.0,27809,0,0,1.015000100206801e+20,2.403510003010711e+21
personas,10,periodo,27809,0,0.0,1,0,0,202510.0,202510.0
personas,10,mes,27809,0,0.0,1,0,0,10.0,10.0
personas,11,area,28126,0,0.0,2,0,0,1.0,2.0
personas,11,ciudad,28126,0,0.0,312,0,0,10150.0,240352.0
personas,11,conglomerado,28126,0,0.0,311,0,0,10150.0,240352.0
personas,11,panelm,28126,0,0.0,4,0,0,55.0,75.0
personas,11,vivienda,28126,0,0.0,10,0,0,1.0,10.0
personas,11,hogar,28126,0,0.0,3,0,0,1.0,3.0
personas,11,p01,28126,0,0.0,18,0,0,1.0,18.0
personas,11,p02,28126,0,0.0,2,0,0,1.0,2.0
personas,11,p03,28126,0,0.0,99,0,0,0.0,98.0
personas,11,p04,28126,0,0.0,9,0,0,1.0,9.0
personas,11,p05a,28126,0,0.0,7,0,0,1.0,10.0
personas,11,p05b,28126,0,0.0,4,0,0,4.0,10.0
personas,11,p06,28126,4161,14.794140652776791,6,4161,0,1.0,6.0
personas,11,p07,28126,1416,5.034487662660883,2,1416,0,1.0,2.0
personas,11,p08,28126,20562,73.10673398279172,6,20562,0,1.0,6.0
personas,11,p09,28126,8980,31.92775367986916,17,8980,0,1.0,17.0
personas,11,p10a,28126,1416,5.034487662660883,9,1416,0,1.0,10.0
personas,11,p10b,28126,2123,7.548176064851028,11,2123,0,0.0,10.0
personas,11,p11,28126,16613,59.06634430775794,2,16613,0,1.0,2.0
personas,11,p12a,28126,22158,78.78119889070611,2,22158,0,1.0,2.0
personas,11,p12b,28126,24002,85.33741022541422,505,24002,0,10110201.0,69999900.0
personas,11,p15,28126,1416,5.034487662660883,8,1416,0,1.0,8.0
personas,11,p15aa,28126,0,0.0,3,0,0,1.0,3.0
personas,11,p15ab,28126,18183,64.6483680580246,681,18183,0,32.0,240352.0
personas,11,cod_inf,28126,1416,5.034487662660883,11,1416,0,1.0,13.0
personas,11,p20,28126,1416,5.034487662660883,2,1416,0,1.0,2.0
personas,11,p21,28126,14519,51.62127568797554,11,14519,0,1.0,12.0
personas,11,p22,28126,15074,53.5945388608405,2,15074,0,1.0,2.0
personas,11,p23,28126,27940,99.33869017990472,6,27940,0,1.0,7.0
personas,11,p24,28126,14282,50.7786389817251,85,14282,0,1.0,105.0
personas,11,p25,28126,22147,78.74208917016284,8,22147,0,1.0,9.0
personas,11,p26,28126,20261,72.03654981156225,5,20261,0,1.0,5.0
personas,11,p27,28126,14937,53.10744506861978,4,14937,0,1.0,4.0
personas,11,p28,28126,25544,90.81988195975256,2,25544,0,1.0,2.0
personas,11,p29,28126,25613,91.06520657043303,40,25613,0,1.0,50.0
personas,11,p30,28126,25613,91.06520657043303,7,25613,0,1.0,7.0
personas,11,p31,28126,26376,93.77799900447984,5,26376,0,1.0,5.0
personas,11,p32,28126,15260,54.25584868093579,9,15260,0,1.0,11.0
personas,11,p33,28126,27577,98.04806940197682,24,27577,0,1.0,52.0
personas,11,p34,28126,15809,56.20777927895897,10,15809,0,1.0,12.0
personas,11,p35,28126,28059,99.76178624760009,2,28059,0,1.0,2.0
personas,11,p36,28126,15865,56.406883310815616,6,15865,0,1.0,6.0
personas,11,p37,28126,27521,97.84896537012018,2,27521,0,1.0,2.0
personas,11,p38,28126,27734,98.60627177700349,7,27734,0,1.0,9.0
personas,11,p39,28126,27734,98.60627177700349,27,27734,0,1.0,240.0
personas,11,p40,28126,13890,49.38491075872858,302,13890,0,111.0,9900.0
personas,11,p41,28126,13890,49.38491075872858,356,13890,0,110.0,9629.0
personas,11,p42,28126,13890,49.38491075872858,9,13890,0,1.0,10.0
personas,11,p42a,28126,22917,81.47976960819172,2,22917,0,1.0,2.0
personas,11,p43,28126,21044,74.82045082841499,6,21044,0,1.0,6.0
personas,11,p44a,28126,21044,74.82045082841499,2,21044,0,1.0,2.0
personas,11,p44b,28126,21044,74.82045082841499,2,21044,0,1.0,2.0
personas,11,p44c,28126,21044,74.82045082841499,2,21044,0,1.0,2.0
personas,11,p44d,28126,21044,74.82045082841499,2,21044,0,1.0,2.0
personas,11,p44e,28126,21044,74.82045082841499,2,21044,0,1.0,2.0
personas,11,p44f,28126,21044,74.82045082841499,2,21044,0,1.0,2.0
personas,11,p44g,28126,21044,74.82045082841499,2,21044,0,1.0,2.0
personas,11,p44h,28126,21044,74.82045082841499,2,21044,0,1.0,2.0
personas,11,p44i,28126,21044,74.82045082841499,2,21044,0,1.0,2.0
personas,11,p44j,28126,21044,74.82045082841499,2,21044,0,1.0,2.0
personas,11,p44k,28126,21044,74.82045082841499,2,21044,0,1.0,2.0
personas,11,p45,28126,14282,50.7786389817251,79,14282,0,0.0,80.0
personas,11,p46,28126,14282,50.7786389817251,10,14282,0,1.0,11.0
personas,11,p47a,28126,14282,50.7786389817251,2,14282,0,1.0,2.0
personas,11,p47b,28126,16835,59.855649576903936,52,16835,0,1.0,90.0
personas,11,p48,28126,17194,61.13204863827064,4,17194,0,1.0,4.0
personas,11,p49,28126,17194,61.13204863827064,3,17194,0,1.0,3.0
personas,11,p50,28126,14282,50.7786389817251,2,14282,0,1.0,2.0
personas,11,p51a,28126,14282,50.7786389817251,78,14282,0,1.0,112.0
personas,11,p51b,28126,27237,96.83922349427576,30,27237,0,1.0,40.0
personas,11,p51c,28126,27237,96.83922349427576,13,27237,0,0.0,20.0
personas,11,p52,28126,27237,96.83922349427576,128,27237,0,111.0,9700.0
personas,11,p53,28126,27237,96.83922349427576,121,27237,0,1212.0,9612.0
personas,11,p54,28126,27237,96.83922349427576,9,27237,0,1.0,10.0
personas,11,p54a,28126,27619,98.1973974258693,1,27619,0,2.0,2.0
personas,11,p55,28126,27237,96.83922349427576,10,27237,0,1.0,11.0
personas,11,p56a,28126,27237,96.83922349427576,2,27237,0,1.0,2.0
personas,11,p56b,28126,27243,96.86055606911754,16,27243,0,1.0,31.0
personas,11,p57,28126,27247,96.87477778567872,4,27247,0,1.0,4.0
personas,11,p58,28126,27247,96.87477778567872,3,27247,0,1.0,3.0
personas,11,p61b1,28126,5684,20.20905923344948,6,5684,0,1.0,6.0
personas,11,p63,28126,22917,81.47976960819172,309,22917,0,0.0,999999.0
personas,11,p64a,28126,22917,81.47976960819172,2,22917,0,1.0,2.0
personas,11,p64b,28126,26027,92.53715423451612,134,26027,0,1.0,999999.0
personas,11,p65,28126,22917,81.47976960819172,302,22917,0,0.0,999999.0
personas,11,p66,28126,21044,74.82045082841499,461,21044,0,0.0,999999.0
personas,11,p67,28126,21044,74.82045082841499,253,21044,0,0.0,999999.0
personas,11,p68a,28126,21044,74.82045082841499,2,21044,0,1.0,2.0
personas,11,p68b,28126,24771,88.07153523430277,200,24771,0,0.0,999999.0
personas,11,p69,28126,27503,97.78496764559482,73,27503,0,0.0,4000.0
personas,11,p70a,28126,27503,97.78496764559482,2,27503,0,1.0,2.0
personas,11,p70b,28126,27850,99.01870155727796,57,27850,0,2.0,480.0
personas,11,p71a,28126,1416,5.034487662660883,2,1416,0,1.0,2.0
personas,11,p71b,28126,27638,98.26495057953495,69,27638,0,20.0,999999.0
personas,11,p72a,28126,1416,5.034487662660883,2,1416,0,1.0,2.0
personas,11,p72b,28126,25830,91.83673469387756,243,25830,0,50.0,999999.0
personas,11,p73a,28126,1416,5.034487662660883,2,1416,0,1.0,2.0
personas,11,p73b,28126,21843,77.66123871151248,145,21843,0,1.0,999999.0
personas,11,p74a,28126,1416,5.034487662660883,2,1416,0,1.0,2.0
personas,11,p74b,28126,27918,99.26047073881816,24,27918,0,30.0,2000.0
personas,11,p75,28126,1416,5.034487662660883,2,1416,0,1.0,2.0
personas,11,p76,28126,26881,95.57349072032994,29,26881,0,50.0,195.0
personas,11,p77,28126,1416,5.034487662660883,2,1416,0,1.0,2.0
personas,11,p78,28126,28060,99.76534167674038,1,28060,0,240.0,240.0
personas,11,sd01,28126,27521,97.84896537012018,1,27521,0,2.0,2.0
personas,11,sd021,28126,27521,97.84896537012018,2,27521,0,1.0,2.0
personas,11,sd022,28126,27521,97.84896537012018,2,27521,0,1.0,2.0
personas,11,sd023,28126,27521,97.84896537012018,2,27521,0,1.0,2.0
personas,11,sd024,28126,27521,97.84896537012018,2,27521,0,1.0,2.0
personas,11,sd025,28126,27521,97.84896537012018,2,27521,0,1.0,2.0
personas,11,sd026,28126,27521,97.84896537012018,1,27521,0,2.0,2.0
personas,11,sd027,28126,27521,97.84896537012018,1,27521,0,2.0,2.0
personas,11,sd028,28126,27521,97.84896537012018,1,27521,0,2.0,2.0
personas,11,sd029,28126,27521,97.84896537012018,1,27521,0,2.0,2.0
personas,11,sd0210,28126,27521,97.84896537012018,1,27521,0,2.0,2.0
personas,11,sd0211,28126,27521,97.84896537012018,1,27521,0,2.0,2.0
personas,11,sd03,28126,27521,97.84896537012018,8,27521,0,1.0,9.0
personas,11,ced01a,28126,0,0.0,3,0,0,1.0,3.0
personas,11,estrato,28126,0,0.0,150,0,0,111.0,2913.0
personas,11,fexp,28126,0,0.0,1287,0,0,0.858394750623046,1658.50999011802
personas,11,nnivins,28126,1416,5.034487662660883,5,1416,0,1.0,5.0
personas,11,ingrl,28126,15780,56.10467183389035,1293,15780,0,-1.0,999999.0
personas,11,ingpc,28126,167,0.5937566664296381,3244,167,0,0.5,15000.0
personas,11,condact,28126,0,0.0,10,0,0,0.0,9.0
personas,11,empleo,28126,14454,51.390172793856216,1,14454,0,1.0,1.0
personas,11,desempleo,28126,27521,97.84896537012018,1,27521,0,1.0,1.0
personas,11,secemp,28126,14454,51.390172793856216,4,14454,0,1.0,4.0
personas,11,grupo1,28126,14454,51.390172793856216,10,14454,0,1.0,10.0
personas,11,rama1,28126,14454,51.390172793856216,21,14454,0,1.0,21.0
personas,11,prov,28126,0,0.0,24,0,0,1.0,24.0
personas,11,dominio,28126,0,0.0,6,0,0,1.0,6.0
personas,11,pobreza,28126,167,0.5937566664296381,2,167,0,0.0,1.0
personas,11,epobreza,28126,167,0.5937566664296381,2,167,0,0.0,1.0
personas,11,upm,28126,0,0.0,1288,0,0,10150000301.0,240352002204.0
personas,11,id_vivienda,28126,0,0.0,8733,0,0,1.0150000301069011e+17,2.403520022040721e+18
personas,11,id_hogar,28126,0,0.0,8767,0,0,1.015000030106901e+18,2.403520022040721e+19
personas,11,id_persona,28126,0,0.0,28126,0,0,1.015000030106901e+20,2.403520022040721e+21
personas,11,periodo,28126,0,0.0,1,0,0,202511.0,202511.0
personas,11,mes,28126,0,0.0,1,0,0,11.0,11.0
personas,12,area,27808,0,0.0,2,0,0,1.0,2.0
personas,12,ciudad,27808,0,0.0,281,0,0,10150.0,240352.0
personas,12,conglomerado,27808,0,0.0,278,0,0,10150.0,240352.0
personas,12,panelm,27808,0,0.0,4,0,0,58.0,76.0
personas,12,vivienda,27808,0,0.0,10,0,0,1.0,10.0
personas,12,hogar,27808,0,0.0,5,0,0,1.0,5.0
personas,12,p01,27808,0,0.0,16,0,0,1.0,16.0
personas,12,p02,27808,0,0.0,2,0,0,1.0,2.0
personas,12,p03,27808,0,0.0,99,0,0,0.0,98.0
personas,12,p04,27808,0,0.0,9,0,0,1.0,9.0
personas,12,p05a,27808,0,0.0,7,0,0,1.0,10.0
personas,12,p05b,27808,0,0.0,5,0,0,4.0,10.0
personas,12,p06,27808,4144,14.902186421173765,6,4144,0,1.0,6.0
personas,12,p07,27808,1438,5.171173762945915,2,1438,0,1.0,2.0
personas,12,p08,27808,20369,73.24870540851553,6,20369,0,1.0,6.0
personas,12,p09,27808,8877,31.92246835443038,16,8877,0,1.0,17.0
personas,12,p10a,27808,1438,5.171173762945915,9,1438,0,1.0,10.0
personas,12,p10b,27808,2229,8.015678941311853,11,2229,0,0.0,10.0
personas,12,p11,27808,16396,58.96144994246259,2,16396,0,1.0,2.0
personas,12,p12a,27808,21801,78.39830264672037,2,21801,0,1.0,2.0
personas,12,p12b,27808,23654,85.06185270425777,518,23654,0,10110102.0,60910702.0
personas,12,p15,27808,1438,5.171173762945915,8,1438,0,1.0,8.0
personas,12,p15aa,27808,0,0.0,3,0,0,1.0,3.0
personas,12,p15ab,27808,17816,64.06789413118527,664,17816,0,32.0,240352.0
personas,12,cod_inf,27808,1438,5.171173762945915,10,1438,0,1.0,11.0
personas,12,p20,27808,1438,5.171173762945915,2,1438,0,1.0,2.0
personas,12,p21,27808,14489,52.103711162255465,10,14489,0,1.0,12.0
personas,12,p22,27808,14917,53.64283659378596,2,14917,0,1.0,2.0
personas,12,p23,27808,27678,99.5325086306099,6,27678,0,1.0,7.0
personas,12,p24,27808,14199,51.06084579976985,85,14199,0,1.0,98.0
personas,12,p25,27808,22750,81.81098964326813,8,22750,0,1.0,9.0
personas,12,p26,27808,19257,69.24985615650172,5,19257,0,1.0,5.0
personas,12,p27,27808,14788,53.178941311852704,4,14788,0,1.0,4.0
personas,12,p28,27808,25437,91.47367663981588,2,25437,0,1.0,2.0
personas,12,p29,27808,25502,91.70742232451092,36,25502,0,2.0,50.0
personas,12,p30,27808,25502,91.70742232451092,7,25502,0,1.0,7.0
personas,12,p31,27808,26152,94.04487917146145,5,26152,0,1.0,5.0
personas,12,p32,27808,15047,54.11032796317606,11,15047,0,1.0,11.0
personas,12,p33,27808,27319,98.24151323360184,33,27319,0,1.0,96.0
personas,12,p34,27808,15536,55.86881472957423,11,15536,0,1.0,12.0
personas,12,p35,27808,27746,99.77704257767547,2,27746,0,1.0,2.0
personas,12,p36,27808,15581,56.03063866513234,6,15581,0,1.0,6.0
personas,12,p37,27808,27274,98.07968929804372,2,27274,0,1.0,2.0
personas,12,p38,27808,27480,98.8204833141542,8,27480,0,1.0,9.0
personas,12,p39,27808,27480,98.8204833141542,31,27480,0,1.0,144.0
personas,12,p40,27808,13871,49.88132911392405,296,13871,0,111.0,9900.0
personas,12,p41,27808,13871,49.88132911392405,360,13871,0,110.0,9629.0
personas,12,p42,27808,13871,49.88132911392405,9,13871,0,1.0,10.0
personas,12,p42a,27808,22585,81.21763521288837,2,22585,0,1.0,2.0
personas,12,p43,27808,20786,74.74827387802071,6,20786,0,1.0,6.0
personas,12,p44a,27808,20786,74.74827387802071,2,20786,0,1.0,2.0
personas,12,p44b,27808,20786,74.74827387802071,2,20786,0,1.0,2.0
personas,12,p44c,27808,20786,74.74827387802071,2,20786,0,1.0,2.0
personas,12,p44d,27808,20786,74.74827387802071,2,20786,0,1.0,2.0
personas,12,p44e,27808,20786,74.74827387802071,2,20786,0,1.0,2.0
personas,12,p44f,27808,20786,74.74827387802071,2,20786,0,1.0,2.0
personas,12,p44g,27808,20786,74.74827387802071,2,20786,0,1.0,2.0
personas,12,p44h,27808,20786,74.74827387802071,2,20786,0,1.0,2.0
personas,12,p44i,27808,20786,74.74827387802071,2,20786,0,1.0,2.0
personas,12,p44j,27808,20786,74.74827387802071,2,20786,0,1.0,2.0
personas,12,p44k,27808,20786,74.74827387802071,2,20786,0,1.0,2.0
personas,12,p45,27808,14199,51.06084579976985,79,14199,0,0.0,86.0
personas,12,p46,27808,14199,51.06084579976985,12,14199,0,1.0,12.0
personas,12,p47a,27808,14199,51.06084579976985,2,14199,0,1.0,2.0
personas,12,p47b,27808,16646,59.86047180667434,49,16646,0,1.0,97.0
personas,12,p48,27808,17008,61.16225546605294,4,17008,0,1.0,4.0
personas,12,p49,27808,17008,61.16225546605294,3,17008,0,1.0,3.0
personas,12,p50,27808,14199,51.06084579976985,2,14199,0,1.0,2.0
personas,12,p51a,27808,14199,51.06084579976985,76,14199,0,1.0,98.0
personas,12,p51b,27808,27004,97.10874568469504,25,27004,0,1.0,40.0
personas,12,p51c,27808,27004,97.10874568469504,13,27004,0,0.0,20.0
personas,12,p52,27808,27004,97.10874568469504,117,27004,0,111.0,9700.0
personas,12,p53,27808,27004,97.10874568469504,121,27004,0,1113.0,9621.0
personas,12,p54,27808,27004,97.10874568469504,9,27004,0,1.0,10.0
personas,12,p54a,27808,27342,98.32422324510932,2,27342,0,1.0,2.0
personas,12,p55,27808,27004,97.10874568469504,10,27004,0,1.0,11.0
personas,12,p56a,27808,27004,97.10874568469504,2,27004,0,1.0,2.0
personas,12,p56b,27808,27013,97.14111047180668,18,27013,0,1.0,50.0
personas,12,p57,27808,27022,97.1734752589183,4,27022,0,1.0,4.0
personas,12,p58,27808,27022,97.1734752589183,3,27022,0,1.0,3.0
personas,12,p61b1,27808,5584,20.080552359033373,6,5584,0,1.0,6.0
personas,12,p63,27808,22585,81.21763521288837,286,22585,0,0.0,999999.0
personas,12,p64a,27808,22585,81.21763521288837,2,22585,0,1.0,2.0
personas,12,p64b,27808,25782,92.71432681242808,127,25782,0,0.0,560.0
personas,12,p65,27808,22585,81.21763521288837,285,22585,0,0.0,999999.0
personas,12,p66,27808,20786,74.74827387802071,612,20786,0,0.0,999999.0
personas,12,p67,27808,20786,74.74827387802071,259,20786,0,0.0,999999.0
personas,12,p68a,27808,20786,74.74827387802071,2,20786,0,1.0,2.0
personas,12,p68b,27808,24393,87.71936133486766,202,24393,0,1.0,999999.0
personas,12,p69,27808,27234,97.93584579976984,69,27234,0,0.0,999999.0
personas,12,p70a,27808,27234,97.93584579976984,2,27234,0,1.0,2.0
personas,12,p70b,27808,27544,99.0506329113924,53,27544,0,2.0,400.0
personas,12,p71a,27808,1438,5.171173762945915,2,1438,0,1.0,2.0
personas,12,p71b,27808,27347,98.34220368239356,72,27347,0,10.0,999999.0
personas,12,p72a,27808,1438,5.171173762945915,2,1438,0,1.0,2.0
personas,12,p72b,27808,25504,91.71461449942464,250,25504,0,50.0,999999.0
personas,12,p73a,27808,1438,5.171173762945915,2,1438,0,1.0,2.0
personas,12,p73b,27808,21740,78.1789413118527,119,21740,0,1.0,2000.0
personas,12,p74a,27808,1438,5.171173762945915,2,1438,0,1.0,2.0
personas,12,p74b,27808,27565,99.1261507479862,36,27565,0,5.0,2500.0
personas,12,p75,27808,1438,5.171173762945915,2,1438,0,1.0,2.0
personas,12,p76,27808,26486,95.24597238204832,35,26486,0,50.0,155.0
personas,12,p77,27808,1438,5.171173762945915,2,1438,0,1.0,2.0
personas,12,p78,27808,27724,99.69792865362486,2,27724,0,240.0,400.0
personas,12,sd01,27808,27274,98.07968929804372,1,27274,0,2.0,2.0
personas,12,sd021,27808,27274,98.07968929804372,2,27274,0,1.0,2.0
personas,12,sd022,27808,27274,98.07968929804372,2,27274,0,1.0,2.0
personas,12,sd023,27808,27274,98.07968929804372,2,27274,0,1.0,2.0
personas,12,sd024,27808,27274,98.07968929804372,2,27274,0,1.0,2.0
personas,12,sd025,27808,27274,98.07968929804372,2,27274,0,1.0,2.0
personas,12,sd026,27808,27274,98.07968929804372,1,27274,0,2.0,2.0
personas,12,sd027,27808,27274,98.07968929804372,1,27274,0,2.0,2.0
personas,12,sd028,27808,27274,98.07968929804372,1,27274,0,2.0,2.0
personas,12,sd029,27808,27274,98.07968929804372,1,27274,0,2.0,2.0
personas,12,sd0210,27808,27274,98.07968929804372,1,27274,0,2.0,2.0
personas,12,sd0211,27808,27274,98.07968929804372,1,27274,0,2.0,2.0
personas,12,sd03,27808,27274,98.07968929804372,8,27274,0,1.0,9.0
personas,12,ced01a,27808,0,0.0,3,0,0,1.0,3.0
personas,12,estrato,27808,0,0.0,150,0,0,111.0,2913.0
personas,12,fexp,27808,0,0.0,1288,0,0,1.1522825901481,4819.20396602893
personas,12,nnivins,27808,1438,5.171173762945915,5,1438,0,1.0,5.0
personas,12,ingrl,27808,15530,55.84723820483314,1419,15530,0,-1.0,999999.0
personas,12,ingpc,27808,133,0.4782796317606444,3250,133,0,0.666666666666667,10000.0
personas,12,condact,27808,0,0.0,10,0,0,0.0,9.0
personas,12,empleo,27808,14334,51.54631760644419,1,14334,0,1.0,1.0
personas,12,desempleo,27808,27275,98.08328538550056,1,27275,0,1.0,1.0
personas,12,secemp,27808,14334,51.54631760644419,4,14334,0,1.0,4.0
personas,12,grupo1,27808,14334,51.54631760644419,10,14334,0,1.0,10.0
personas,12,rama1,27808,14334,51.54631760644419,21,14334,0,1.0,21.0
personas,12,prov,27808,0,0.0,24,0,0,1.0,24.0
personas,12,dominio,27808,0,0.0,6,0,0,1.0,6.0
personas,12,pobreza,27808,133,0.4782796317606444,2,133,0,0.0,1.0
personas,12,epobreza,27808,133,0.4782796317606444,2,133,0,0.0,1.0
personas,12,upm,27808,0,0.0,1288,0,0,10150000801.0,240352002501.0
personas,12,id_vivienda,27808,0,0.0,8713,0,0,1.0150000801058013e+17,2.4035200250105805e+18
personas,12,id_hogar,27808,0,0.0,8748,0,0,1.015000080105801e+18,2.4035200250105807e+19
personas,12,id_persona,27808,0,0.0,27808,0,0,1.015000080105801e+20,2.403520025010581e+21
personas,12,periodo,27808,0,0.0,1,0,0,202512.0,202512.0
personas,12,mes,27808,0,0.0,1,0,0,12.0,12.0
vivienda_hogar,ANUAL,area,104738,0,0.0,2,0,0,1.0,2.0
vivienda_hogar,ANUAL,ciudad,104738,0,0.0,737,0,0,10150.0,240352.0
vivienda_hogar,ANUAL,conglomerado,104738,0,0.0,3673,0,0,1.0,910703.0
vivienda_hogar,ANUAL,panelm,104738,0,0.0,27,0,0,40.0,76.0
vivienda_hogar,ANUAL,vivienda,104738,0,0.0,10,0,0,1.0,10.0
vivienda_hogar,ANUAL,hogar,104738,0,0.0,7,0,0,1.0,7.0
vivienda_hogar,ANUAL,vi01,104738,0,0.0,6,0,0,1.0,6.0
vivienda_hogar,ANUAL,vi02,104738,0,0.0,7,0,0,1.0,7.0
vivienda_hogar,ANUAL,vi03a,104738,0,0.0,6,0,0,1.0,6.0
vivienda_hogar,ANUAL,vi03b,104738,0,0.0,3,0,0,1.0,3.0
vivienda_hogar,ANUAL,vi04a,104738,0,0.0,8,0,0,1.0,8.0
vivienda_hogar,ANUAL,vi04b,104738,0,0.0,3,0,0,1.0,3.0
vivienda_hogar,ANUAL,vi05a,104738,0,0.0,7,0,0,1.0,7.0
vivienda_hogar,ANUAL,vi05b,104738,0,0.0,3,0,0,1.0,3.0
vivienda_hogar,ANUAL,vi06,104738,0,0.0,16,0,0,1.0,16.0
vivienda_hogar,ANUAL,vi07,104738,0,0.0,13,0,0,0.0,12.0
vivienda_hogar,ANUAL,vi07a,104738,0,0.0,5,0,0,0.0,4.0
vivienda_hogar,ANUAL,vi07b,104738,0,0.0,2,0,0,1.0,2.0
vivienda_hogar,ANUAL,vi08,104738,0,0.0,4,0,0,1.0,4.0
vivienda_hogar,ANUAL,vi09,104738,0,0.0,5,0,0,1.0,5.0
vivienda_hogar,ANUAL,vi10,104738,0,0.0,7,0,0,1.0,7.0
vivienda_hogar,ANUAL,vi101,104738,98767,94.29910825106457,2,98767,0,1.0,2.0
vivienda_hogar,ANUAL,vi102,104738,98767,94.29910825106457,2,98767,0,1.0,2.0
vivienda_hogar,ANUAL,vi10a,104738,0,0.0,4,0,0,1.0,4.0
vivienda_hogar,ANUAL,vi11,104738,0,0.0,3,0,0,1.0,3.0
vivienda_hogar,ANUAL,vi12,104738,0,0.0,4,0,0,1.0,4.0
vivienda_hogar,ANUAL,vi13,104738,0,0.0,5,0,0,1.0,5.0
vivienda_hogar,ANUAL,vi14,104738,0,0.0,7,0,0,1.0,7.0
vivienda_hogar,ANUAL,estrato,104738,0,0.0,150,0,0,111.0,2913.0
vivienda_hogar,ANUAL,fexp,104738,0,0.0,15449,0,0,0.72462169285626,4819.20396602893
vivienda_hogar,ANUAL,upm,104738,0,0.0,7780,0,0,10150000204.0,240352003103.0
vivienda_hogar,ANUAL,id_vivienda,104738,0,0.0,104333,0,0,1.0150000204067011e+17,2.4035200310306606e+18
vivienda_hogar,ANUAL,id_hogar,104738,0,0.0,104738,0,0,1.015000020406701e+18,2.4035200310306607e+19
vivienda_hogar,ANUAL,periodo,104738,0,0.0,12,0,0,202501.0,202512.0
vivienda_hogar,ANUAL,mes,104738,0,0.0,12,0,0,1.0,12.0
vivienda_hogar,01,area,8795,0,0.0,2,0,0,1.0,2.0
vivienda_hogar,01,ciudad,8795,0,0.0,343,0,0,10150.0,240352.0
vivienda_hogar,01,conglomerado,8795,0,0.0,908,0,0,1.0,907702.0
vivienda_hogar,01,panelm,8795,0,0.0,4,0,0,40.0,62.0
vivienda_hogar,01,vivienda,8795,0,0.0,10,0,0,1.0,10.0
vivienda_hogar,01,hogar,8795,0,0.0,4,0,0,1.0,4.0
vivienda_hogar,01,vi01,8795,0,0.0,6,0,0,1.0,6.0
vivienda_hogar,01,vi02,8795,0,0.0,7,0,0,1.0,7.0
vivienda_hogar,01,vi03a,8795,0,0.0,6,0,0,1.0,6.0
vivienda_hogar,01,vi03b,8795,0,0.0,3,0,0,1.0,3.0
vivienda_hogar,01,vi04a,8795,0,0.0,8,0,0,1.0,8.0
vivienda_hogar,01,vi04b,8795,0,0.0,3,0,0,1.0,3.0
vivienda_hogar,01,vi05a,8795,0,0.0,7,0,0,1.0,7.0
vivienda_hogar,01,vi05b,8795,0,0.0,3,0,0,1.0,3.0
vivienda_hogar,01,vi06,8795,0,0.0,14,0,0,1.0,15.0
vivienda_hogar,01,vi07,8795,0,0.0,12,0,0,0.0,12.0
vivienda_hogar,01,vi07a,8795,0,0.0,4,0,0,0.0,3.0
vivienda_hogar,01,vi07b,8795,0,0.0,2,0,0,1.0,2.0
vivienda_hogar,01,vi08,8795,0,0.0,4,0,0,1.0,4.0
vivienda_hogar,01,vi09,8795,0,0.0,5,0,0,1.0,5.0
vivienda_hogar,01,vi10,8795,0,0.0,7,0,0,1.0,7.0
vivienda_hogar,01,vi101,8795,8252,93.82603752131892,2,8252,0,1.0,2.0
vivienda_hogar,01,vi102,8795,8252,93.82603752131892,2,8252,0,1.0,2.0
vivienda_hogar,01,vi10a,8795,0,0.0,4,0,0,1.0,4.0
vivienda_hogar,01,vi11,8795,0,0.0,3,0,0,1.0,3.0
vivienda_hogar,01,vi12,8795,0,0.0,4,0,0,1.0,4.0
vivienda_hogar,01,vi13,8795,0,0.0,4,0,0,1.0,4.0
vivienda_hogar,01,vi14,8795,0,0.0,6,0,0,1.0,6.0
vivienda_hogar,01,estrato,8795,0,0.0,150,0,0,111.0,2913.0
vivienda_hogar,01,fexp,8795,0,0.0,1287,0,0,0.925646713964069,1112.22187301654
vivienda_hogar,01,upm,8795,0,0.0,1288,0,0,10150000401.0,240352002703.0
vivienda_hogar,01,id_vivienda,8795,0,0.0,8765,0,0,1.015000040105301e+17,2.4035200270304005e+18
vivienda_hogar,01,id_hogar,8795,0,0.0,8795,0,0,1.015000040105301e+18,2.4035200270304006e+19
vivienda_hogar,01,periodo,8795,0,0.0,1,0,0,202501.0,202501.0
vivienda_hogar,01,mes,8795,0,0.0,1,0,0,1.0,1.0
vivienda_hogar,02,area,8766,0,0.0,2,0,0,1.0,2.0
vivienda_hogar,02,ciudad,8766,0,0.0,358,0,0,10150.0,240352.0
vivienda_hogar,02,conglomerado,8766,0,0.0,909,0,0,1.0,909102.0
vivienda_hogar,02,panelm,8766,0,0.0,4,0,0,47.0,63.0
vivienda_hogar,02,vivienda,8766,0,0.0,10,0,0,1.0,10.0
vivienda_hogar,02,hogar,8766,0,0.0,7,0,0,1.0,7.0
vivienda_hogar,02,vi01,8766,0,0.0,6,0,0,1.0,6.0
vivienda_hogar,02,vi02,8766,0,0.0,6,0,0,1.0,6.0
vivienda_hogar,02,vi03a,8766,0,0.0,6,0,0,1.0,6.0
vivienda_hogar,02,vi03b,8766,0,0.0,3,0,0,1.0,3.0
vivienda_hogar,02,vi04a,8766,0,0.0,8,0,0,1.0,8.0
vivienda_hogar,02,vi04b,8766,0,0.0,3,0,0,1.0,3.0
vivienda_hogar,02,vi05a,8766,0,0.0,7,0,0,1.0,7.0
vivienda_hogar,02,vi05b,8766,0,0.0,3,0,0,1.0,3.0
vivienda_hogar,02,vi06,8766,0,0.0,13,0,0,1.0,16.0
vivienda_hogar,02,vi07,8766,0,0.0,11,0,0,0.0,10.0
vivienda_hogar,02,vi07a,8766,0,0.0,4,0,0,0.0,3.0
vivienda_hogar,02,vi07b,8766,0,0.0,2,0,0,1.0,2.0
vivienda_hogar,02,vi08,8766,0,0.0,4,0,0,1.0,4.0
vivienda_hogar,02,vi09,8766,0,0.0,5,0,0,1.0,5.0
vivienda_hogar,02,vi10,8766,0,0.0,7,0,0,1.0,7.0
vivienda_hogar,02,vi101,8766,8251,94.12502851927904,2,8251,0,1.0,2.0
vivienda_hogar,02,vi102,8766,8251,94.12502851927904,2,8251,0,1.0,2.0
vivienda_hogar,02,vi10a,8766,0,0.0,4,0,0,1.0,4.0
vivienda_hogar,02,vi11,8766,0,0.0,3,0,0,1.0,3.0
vivienda_hogar,02,vi12,8766,0,0.0,4,0,0,1.0,4.0
vivienda_hogar,02,vi13,8766,0,0.0,5,0,0,1.0,5.0
vivienda_hogar,02,vi14,8766,0,0.0,6,0,0,1.0,6.0
vivienda_hogar,02,estrato,8766,0,0.0,150,0,0,111.0,2913.0
vivienda_hogar,02,fexp,8766,0,0.0,1286,0,0,1.43195175446138,2269.7014948674
vivienda_hogar,02,upm,8766,0,0.0,1288,0,0,10150001601.0,240352002701.0
vivienda_hogar,02,id_vivienda,8766,0,0.0,8732,0,0,1.015000160106301e+17,2.403520027010471e+18
vivienda_hogar,02,id_hogar,8766,0,0.0,8766,0,0,1.015000160106301e+18,2.4035200270104707e+19
vivienda_hogar,02,periodo,8766,0,0.0,1,0,0,202502.0,202502.0
vivienda_hogar,02,mes,8766,0,0.0,1,0,0,2.0,2.0
vivienda_hogar,03,area,8790,0,0.0,2,0,0,1.0,2.0
vivienda_hogar,03,ciudad,8790,0,0.0,340,0,0,10150.0,240352.0
vivienda_hogar,03,conglomerado,8790,0,0.0,901,0,0,3.0,910703.0
vivienda_hogar,03,panelm,8790,0,0.0,4,0,0,51.0,64.0
vivienda_hogar,03,vivienda,8790,0,0.0,10,0,0,1.0,10.0
vivienda_hogar,03,hogar,8790,0,0.0,3,0,0,1.0,3.0
vivienda_hogar,03,vi01,8790,0,0.0,6,0,0,1.0,6.0
vivienda_hogar,03,vi02,8790,0,0.0,7,0,0,1.0,7.0
vivienda_hogar,03,vi03a,8790,0,0.0,6,0,0,1.0,6.0
vivienda_hogar,03,vi03b,8790,0,0.0,3,0,0,1.0,3.0
vivienda_hogar,03,vi04a,8790,0,0.0,8,0,0,1.0,8.0
vivienda_hogar,03,vi04b,8790,0,0.0,3,0,0,1.0,3.0
vivienda_hogar,03,vi05a,8790,0,0.0,7,0,0,1.0,7.0
vivienda_hogar,03,vi05b,8790,0,0.0,3,0,0,1.0,3.0
vivienda_hogar,03,vi06,8790,0,0.0,13,0,0,1.0,14.0
vivienda_hogar,03,vi07,8790,0,0.0,10,0,0,0.0,9.0
vivienda_hogar,03,vi07a,8790,0,0.0,4,0,0,0.0,4.0
vivienda_hogar,03,vi07b,8790,0,0.0,2,0,0,1.0,2.0
vivienda_hogar,03,vi08,8790,0,0.0,4,0,0,1.0,4.0
vivienda_hogar,03,vi09,8790,0,0.0,5,0,0,1.0,5.0
vivienda_hogar,03,vi10,8790,0,0.0,7,0,0,1.0,7.0
vivienda_hogar,03,vi101,8790,8293,94.34584755403868,2,8293,0,1.0,2.0
vivienda_hogar,03,vi102,8790,8293,94.34584755403868,2,8293,0,1.0,2.0
vivienda_hogar,03,vi10a,8790,0,0.0,4,0,0,1.0,4.0
vivienda_hogar,03,vi11,8790,0,0.0,3,0,0,1.0,3.0
vivienda_hogar,03,vi12,8790,0,0.0,4,0,0,1.0,4.0
vivienda_hogar,03,vi13,8790,0,0.0,5,0,0,1.0,5.0
vivienda_hogar,03,vi14,8790,0,0.0,6,0,0,1.0,6.0
vivienda_hogar,03,estrato,8790,0,0.0,150,0,0,111.0,2913.0
vivienda_hogar,03,fexp,8790,0,0.0,1288,0,0,1.3091642987285,3093.37367687221
vivienda_hogar,03,upm,8790,0,0.0,1288,0,0,10150000801.0,240352002501.0
vivienda_hogar,03,id_vivienda,8790,0,0.0,8741,0,0,1.015000080105801e+17,2.403520025010581e+18
vivienda_hogar,03,id_hogar,8790,0,0.0,8790,0,0,1.015000080105801e+18,2.4035200250105807e+19
vivienda_hogar,03,periodo,8790,0,0.0,1,0,0,202503.0,202503.0
vivienda_hogar,03,mes,8790,0,0.0,1,0,0,3.0,3.0
vivienda_hogar,04,area,8810,0,0.0,2,0,0,1.0,2.0
vivienda_hogar,04,ciudad,8810,0,0.0,350,0,0,10150.0,240352.0
vivienda_hogar,04,conglomerado,8810,0,0.0,900,0,0,1.0,909201.0
vivienda_hogar,04,panelm,8810,0,0.0,4,0,0,53.0,65.0
vivienda_hogar,04,vivienda,8810,0,0.0,10,0,0,1.0,10.0
vivienda_hogar,04,hogar,8810,0,0.0,4,0,0,1.0,4.0
vivienda_hogar,04,vi01,8810,0,0.0,6,0,0,1.0,6.0
vivienda_hogar,04,vi02,8810,0,0.0,7,0,0,1.0,7.0
vivienda_hogar,04,vi03a,8810,0,0.0,6,0,0,1.0,6.0
vivienda_hogar,04,vi03b,8810,0,0.0,3,0,0,1.0,3.0
vivienda_hogar,04,vi04a,8810,0,0.0,8,0,0,1.0,8.0
vivienda_hogar,04,vi04b,8810,0,0.0,3,0,0,1.0,3.0
vivienda_hogar,04,vi05a,8810,0,0.0,7,0,0,1.0,7.0
vivienda_hogar,04,vi05b,8810,0,0.0,3,0,0,1.0,3.0
vivienda_hogar,04,vi06,8810,0,0.0,12,0,0,1.0,13.0
vivienda_hogar,04,vi07,8810,0,0.0,11,0,0,0.0,11.0
vivienda_hogar,04,vi07a,8810,0,0.0,4,0,0,0.0,3.0
vivienda_hogar,04,vi07b,8810,0,0.0,2,0,0,1.0,2.0
vivienda_hogar,04,vi08,8810,0,0.0,4,0,0,1.0,4.0
vivienda_hogar,04,vi09,8810,0,0.0,5,0,0,1.0,5.0
vivienda_hogar,04,vi10,8810,0,0.0,7,0,0,1.0,7.0
vivienda_hogar,04,vi101,8810,8280,93.98410896708286,2,8280,0,1.0,2.0
vivienda_hogar,04,vi102,8810,8280,93.98410896708286,2,8280,0,1.0,2.0
vivienda_hogar,04,vi10a,8810,0,0.0,4,0,0,1.0,4.0
vivienda_hogar,04,vi11,8810,0,0.0,3,0,0,1.0,3.0
vivienda_hogar,04,vi12,8810,0,0.0,4,0,0,1.0,4.0
vivienda_hogar,04,vi13,8810,0,0.0,5,0,0,1.0,5.0
vivienda_hogar,04,vi14,8810,0,0.0,7,0,0,1.0,7.0
vivienda_hogar,04,estrato,8810,0,0.0,150,0,0,111.0,2913.0
vivienda_hogar,04,fexp,8810,0,0.0,1287,0,0,1.20443691164509,1755.08039525424
vivienda_hogar,04,upm,8810,0,0.0,1288,0,0,10150000401.0,240352002703.0
vivienda_hogar,04,id_vivienda,8810,0,0.0,8771,0,0,1.0150000401053011e+17,2.403520027030541e+18
vivienda_hogar,04,id_hogar,8810,0,0.0,8810,0,0,1.015000040105301e+18,2.4035200270305407e+19
vivienda_hogar,04,periodo,8810,0,0.0,1,0,0,202504.0,202504.0
vivienda_hogar,04,mes,8810,0,0.0,1,0,0,4.0,4.0
vivienda_hogar,05,area,8739,0,0.0,2,0,0,1.0,2.0
vivienda_hogar,05,ciudad,8739,0,0.0,347,0,0,10150.0,240352.0
vivienda_hogar,05,conglomerado,8739,0,0.0,901,0,0,1.0,908504.0
vivienda_hogar,05,panelm,8739,0,0.0,4,0,0,56.0,66.0
vivienda_hogar,05,vivienda,8739,0,0.0,10,0,0,1.0,10.0
vivienda_hogar,05,hogar,8739,0,0.0,3,0,0,1.0,3.0
vivienda_hogar,05,vi01,8739,0,0.0,6,0,0,1.0,6.0
vivienda_hogar,05,vi02,8739,0,0.0,7,0,0,1.0,7.0
vivienda_hogar,05,vi03a,8739,0,0.0,6,0,0,1.0,6.0
vivienda_hogar,05,vi03b,8739,0,0.0,3,0,0,1.0,3.0
vivienda_hogar,05,vi04a,8739,0,0.0,8,0,0,1.0,8.0
vivienda_hogar,05,vi04b,8739,0,0.0,3,0,0,1.0,3.0
vivienda_hogar,05,vi05a,8739,0,0.0,7,0,0,1.0,7.0
vivienda_hogar,05,vi05b,8739,0,0.0,3,0,0,1.0,3.0
vivienda_hogar,05,vi06,8739,0,0.0,12,0,0,1.0,12.0
vivienda_hogar,05,vi07,8739,0,0.0,10,0,0,0.0,9.0
vivienda_hogar,05,vi07a,8739,0,0.0,4,0,0,0.0,3.0
vivienda_hogar,05,vi07b,8739,0,0.0,2,0,0,1.0,2.0
vivienda_hogar,05,vi08,8739,0,0.0,4,0,0,1.0,4.0
vivienda_hogar,05,vi09,8739,0,0.0,5,0,0,1.0,5.0
vivienda_hogar,05,vi10,8739,0,0.0,7,0,0,1.0,7.0
vivienda_hogar,05,vi101,8739,8235,94.23274974253349,2,8235,0,1.0,2.0
vivienda_hogar,05,vi102,8739,8235,94.23274974253349,2,8235,0,1.0,2.0
vivienda_hogar,05,vi10a,8739,0,0.0,4,0,0,1.0,4.0
vivienda_hogar,05,vi11,8739,0,0.0,3,0,0,1.0,3.0
vivienda_hogar,05,vi12,8739,0,0.0,4,0,0,1.0,4.0
vivienda_hogar,05,vi13,8739,0,0.0,4,0,0,1.0,4.0
vivienda_hogar,05,vi14,8739,0,0.0,7,0,0,1.0,7.0
vivienda_hogar,05,estrato,8739,0,0.0,150,0,0,111.0,2913.0
vivienda_hogar,05,fexp,8739,0,0.0,1288,0,0,1.05200930240931,1461.33730837906
vivienda_hogar,05,upm,8739,0,0.0,1288,0,0,10150001601.0,240352003103.0
vivienda_hogar,05,id_vivienda,8739,0,0.0,8709,0,0,1.0150001601063011e+17,2.4035200310306606e+18
vivienda_hogar,05,id_hogar,8739,0,0.0,8739,0,0,1.015000160106301e+18,2.4035200310306607e+19
vivienda_hogar,05,periodo,8739,0,0.0,1,0,0,202505.0,202505.0
vivienda_hogar,05,mes,8739,0,0.0,1,0,0,5.0,5.0
vivienda_hogar,06,area,8768,0,0.0,2,0,0,1.0,2.0
vivienda_hogar,06,ciudad,8768,0,0.0,346,0,0,10150.0,240352.0
vivienda_hogar,06,conglomerado,8768,0,0.0,899,0,0,4.0,910703.0
vivienda_hogar,06,panelm,8768,0,0.0,4,0,0,59.0,67.0
vivienda_hogar,06,vivienda,8768,0,0.0,10,0,0,1.0,10.0
vivienda_hogar,06,hogar,8768,0,0.0,3,0,0,1.0,3.0
vivienda_hogar,06,vi01,8768,0,0.0,6,0,0,1.0,6.0
vivienda_hogar,06,vi02,8768,0,0.0,7,0,0,1.0,7.0
vivienda_hogar,06,vi03a,8768,0,0.0,6,0,0,1.0,6.0
vivienda_hogar,06,vi03b,8768,0,0.0,3,0,0,1.0,3.0
vivienda_hogar,06,vi04a,8768,0,0.0,8,0,0,1.0,8.0
vivienda_hogar,06,vi04b,8768,0,0.0,3,0,0,1.0,3.0
vivienda_hogar,06,vi05a,8768,0,0.0,7,0,0,1.0,7.0
vivienda_hogar,06,vi05b,8768,0,0.0,3,0,0,1.0,3.0
vivienda_hogar,06,vi06,8768,0,0.0,13,0,0,1.0,13.0
vivienda_hogar,06,vi07,8768,0,0.0,10,0,0,0.0,9.0
vivienda_hogar,06,vi07a,8768,0,0.0,3,0,0,0.0,2.0
vivienda_hogar,06,vi07b,8768,0,0.0,2,0,0,1.0,2.0
vivienda_hogar,06,vi08,8768,0,0.0,4,0,0,1.0,4.0
vivienda_hogar,06,vi09,8768,0,0.0,5,0,0,1.0,5.0
vivienda_hogar,06,vi10,8768,0,0.0,6,0,0,1.0,7.0
vivienda_hogar,06,vi101,8768,8309,94.76505474452554,2,8309,0,1.0,2.0
vivienda_hogar,06,vi102,8768,8309,94.76505474452554,2,8309,0,1.0,2.0
vivienda_hogar,06,vi10a,8768,0,0.0,4,0,0,1.0,4.0
vivienda_hogar,06,vi11,8768,0,0.0,3,0,0,1.0,3.0
vivienda_hogar,06,vi12,8768,0,0.0,4,0,0,1.0,4.0
vivienda_hogar,06,vi13,8768,0,0.0,4,0,0,1.0,4.0
vivienda_hogar,06,vi14,8768,0,0.0,7,0,0,1.0,7.0
vivienda_hogar,06,estrato,8768,0,0.0,150,0,0,111.0,2913.0
vivienda_hogar,06,fexp,8768,0,0.0,1287,0,0,1.05369758936671,1244.08541205241
vivienda_hogar,06,upm,8768,0,0.0,1288,0,0,10150000204.0,240352001105.0
vivienda_hogar,06,id_vivienda,8768,0,0.0,8733,0,0,1.0150000204067011e+17,2.403520011050601e+18
vivienda_hogar,06,id_hogar,8768,0,0.0,8768,0,0,1.015000020406701e+18,2.403520011050601e+19
vivienda_hogar,06,periodo,8768,0,0.0,1,0,0,202506.0,202506.0
vivienda_hogar,06,mes,8768,0,0.0,1,0,0,6.0,6.0
vivienda_hogar,07,area,8607,0,0.0,2,0,0,1.0,2.0
vivienda_hogar,07,ciudad,8607,0,0.0,345,0,0,10150.0,240352.0
vivienda_hogar,07,conglomerado,8607,0,0.0,898,0,0,1.0,909201.0
vivienda_hogar,07,panelm,8607,0,0.0,4,0,0,54.0,71.0
vivienda_hogar,07,vivienda,8607,0,0.0,10,0,0,1.0,10.0
vivienda_hogar,07,hogar,8607,0,0.0,3,0,0,1.0,3.0
vivienda_hogar,07,vi01,8607,0,0.0,6,0,0,1.0,6.0
vivienda_hogar,07,vi02,8607,0,0.0,6,0,0,1.0,6.0
vivienda_hogar,07,vi03a,8607,0,0.0,6,0,0,1.0,6.0
vivienda_hogar,07,vi03b,8607,0,0.0,3,0,0,1.0,3.0
vivienda_hogar,07,vi04a,8607,0,0.0,8,0,0,1.0,8.0
vivienda_hogar,07,vi04b,8607,0,0.0,3,0,0,1.0,3.0
vivienda_hogar,07,vi05a,8607,0,0.0,7,0,0,1.0,7.0
vivienda_hogar,07,vi05b,8607,0,0.0,3,0,0,1.0,3.0
vivienda_hogar,07,vi06,8607,0,0.0,14,0,0,1.0,14.0
vivienda_hogar,07,vi07,8607,0,0.0,11,0,0,0.0,11.0
vivienda_hogar,07,vi07a,8607,0,0.0,4,0,0,0.0,3.0
vivienda_hogar,07,vi07b,8607,0,0.0,2,0,0,1.0,2.0
vivienda_hogar,07,vi08,8607,0,0.0,4,0,0,1.0,4.0
vivienda_hogar,07,vi09,8607,0,0.0,5,0,0,1.0,5.0
vivienda_hogar,07,vi10,8607,0,0.0,7,0,0,1.0,7.0
vivienda_hogar,07,vi101,8607,8103,94.14430115022655,2,8103,0,1.0,2.0
vivienda_hogar,07,vi102,8607,8103,94.14430115022655,2,8103,0,1.0,2.0
vivienda_hogar,07,vi10a,8607,0,0.0,4,0,0,1.0,4.0
vivienda_hogar,07,vi11,8607,0,0.0,3,0,0,1.0,3.0
vivienda_hogar,07,vi12,8607,0,0.0,4,0,0,1.0,4.0
vivienda_hogar,07,vi13,8607,0,0.0,4,0,0,1.0,4.0
vivienda_hogar,07,vi14,8607,0,0.0,6,0,0,1.0,6.0
vivienda_hogar,07,estrato,8607,0,0.0,150,0,0,111.0,2913.0
vivienda_hogar,07,fexp,8607,0,0.0,1288,0,0,0.882640056441623,2137.34807330572
vivienda_hogar,07,upm,8607,0,0.0,1288,0,0,10150001002.0,240352002703.0
vivienda_hogar,07,id_vivienda,8607,0,0.0,8571,0,0,1.0150001002068013e+17,2.403520027030541e+18
vivienda_hogar,07,id_hogar,8607,0,0.0,8607,0,0,1.015000100206801e+18,2.4035200270305407e+19
vivienda_hogar,07,periodo,8607,0,0.0,1,0,0,202507.0,202507.0
vivienda_hogar,07,mes,8607,0,0.0,1,0,0,7.0,7.0
vivienda_hogar,08,area,8607,0,0.0,2,0,0,1.0,2.0
vivienda_hogar,08,ciudad,8607,0,0.0,303,0,0,10150.0,240352.0
vivienda_hogar,08,conglomerado,8607,0,0.0,901,0,0,1.0,908504.0
vivienda_hogar,08,panelm,8607,0,0.0,4,0,0,57.0,72.0
vivienda_hogar,08,vivienda,8607,0,0.0,10,0,0,1.0,10.0
vivienda_hogar,08,hogar,8607,0,0.0,3,0,0,1.0,3.0
vivienda_hogar,08,vi01,8607,0,0.0,6,0,0,1.0,6.0
vivienda_hogar,08,vi02,8607,0,0.0,6,0,0,1.0,7.0
vivienda_hogar,08,vi03a,8607,0,0.0,6,0,0,1.0,6.0
vivienda_hogar,08,vi03b,8607,0,0.0,3,0,0,1.0,3.0
vivienda_hogar,08,vi04a,8607,0,0.0,8,0,0,1.0,8.0
vivienda_hogar,08,vi04b,8607,0,0.0,3,0,0,1.0,3.0
vivienda_hogar,08,vi05a,8607,0,0.0,7,0,0,1.0,7.0
vivienda_hogar,08,vi05b,8607,0,0.0,3,0,0,1.0,3.0
vivienda_hogar,08,vi06,8607,0,0.0,13,0,0,1.0,16.0
vivienda_hogar,08,vi07,8607,0,0.0,12,0,0,0.0,11.0
vivienda_hogar,08,vi07a,8607,0,0.0,3,0,0,0.0,2.0
vivienda_hogar,08,vi07b,8607,0,0.0,2,0,0,1.0,2.0
vivienda_hogar,08,vi08,8607,0,0.0,4,0,0,1.0,4.0
vivienda_hogar,08,vi09,8607,0,0.0,5,0,0,1.0,5.0
vivienda_hogar,08,vi10,8607,0,0.0,7,0,0,1.0,7.0
vivienda_hogar,08,vi101,8607,8113,94.26048565121413,2,8113,0,1.0,2.0
vivienda_hogar,08,vi102,8607,8113,94.26048565121413,2,8113,0,1.0,2.0
vivienda_hogar,08,vi10a,8607,0,0.0,4,0,0,1.0,4.0
vivienda_hogar,08,vi11,8607,0,0.0,3,0,0,1.0,3.0
vivienda_hogar,08,vi12,8607,0,0.0,4,0,0,1.0,4.0
vivienda_hogar,08,vi13,8607,0,0.0,5,0,0,1.0,5.0
vivienda_hogar,08,vi14,8607,0,0.0,6,0,0,1.0,6.0
vivienda_hogar,08,estrato,8607,0,0.0,150,0,0,111.0,2913.0
vivienda_hogar,08,fexp,8607,0,0.0,1288,0,0,0.72462169285626,1620.85067610876
vivienda_hogar,08,upm,8607,0,0.0,1288,0,0,10150000301.0,240352003103.0
vivienda_hogar,08,id_vivienda,8607,0,0.0,8575,0,0,1.015000030106902e+17,2.4035200310306606e+18
vivienda_hogar,08,id_hogar,8607,0,0.0,8607,0,0,1.015000030106902e+18,2.4035200310306607e+19
vivienda_hogar,08,periodo,8607,0,0.0,1,0,0,202508.0,202508.0
vivienda_hogar,08,mes,8607,0,0.0,1,0,0,8.0,8.0
vivienda_hogar,09,area,8584,0,0.0,2,0,0,1.0,2.0
vivienda_hogar,09,ciudad,8584,0,0.0,335,0,0,10150.0,240352.0
vivienda_hogar,09,conglomerado,8584,0,0.0,894,0,0,4.0,908301.0
vivienda_hogar,09,panelm,8584,0,0.0,4,0,0,60.0,73.0
vivienda_hogar,09,vivienda,8584,0,0.0,10,0,0,1.0,10.0
vivienda_hogar,09,hogar,8584,0,0.0,3,0,0,1.0,3.0
vivienda_hogar,09,vi01,8584,0,0.0,6,0,0,1.0,6.0
vivienda_hogar,09,vi02,8584,0,0.0,7,0,0,1.0,7.0
vivienda_hogar,09,vi03a,8584,0,0.0,6,0,0,1.0,6.0
vivienda_hogar,09,vi03b,8584,0,0.0,3,0,0,1.0,3.0
vivienda_hogar,09,vi04a,8584,0,0.0,8,0,0,1.0,8.0
vivienda_hogar,09,vi04b,8584,0,0.0,3,0,0,1.0,3.0
vivienda_hogar,09,vi05a,8584,0,0.0,7,0,0,1.0,7.0
vivienda_hogar,09,vi05b,8584,0,0.0,3,0,0,1.0,3.0
vivienda_hogar,09,vi06,8584,0,0.0,11,0,0,1.0,12.0
vivienda_hogar,09,vi07,8584,0,0.0,10,0,0,0.0,9.0
vivienda_hogar,09,vi07a,8584,0,0.0,4,0,0,0.0,3.0
vivienda_hogar,09,vi07b,8584,0,0.0,2,0,0,1.0,2.0
vivienda_hogar,09,vi08,8584,0,0.0,4,0,0,1.0,4.0
vivienda_hogar,09,vi09,8584,0,0.0,5,0,0,1.0,5.0
vivienda_hogar,09,vi10,8584,0,0.0,7,0,0,1.0,7.0
vivienda_hogar,09,vi101,8584,8095,94.30335507921714,2,8095,0,1.0,2.0
vivienda_hogar,09,vi102,8584,8095,94.30335507921714,2,8095,0,1.0,2.0
vivienda_hogar,09,vi10a,8584,0,0.0,4,0,0,1.0,4.0
vivienda_hogar,09,vi11,8584,0,0.0,3,0,0,1.0,3.0
vivienda_hogar,09,vi12,8584,0,0.0,4,0,0,1.0,4.0
vivienda_hogar,09,vi13,8584,0,0.0,5,0,0,1.0,5.0
vivienda_hogar,09,vi14,8584,0,0.0,7,0,0,1.0,7.0
vivienda_hogar,09,estrato,8584,0,0.0,150,0,0,111.0,2913.0
vivienda_hogar,09,fexp,8584,0,0.0,1287,0,0,1.34229072003287,2259.21347044793
vivienda_hogar,09,upm,8584,0,0.0,1288,0,0,10150000204.0,240352001201.0
vivienda_hogar,09,id_vivienda,8584,0,0.0,8548,0,0,1.0150000204067011e+17,2.4035200120107305e+18
vivienda_hogar,09,id_hogar,8584,0,0.0,8584,0,0,1.015000020406701e+18,2.4035200120107307e+19
vivienda_hogar,09,periodo,8584,0,0.0,1,0,0,202509.0,202509.0
vivienda_hogar,09,mes,8584,0,0.0,1,0,0,9.0,9.0
vivienda_hogar,10,area,8757,0,0.0,2,0,0,1.0,2.0
vivienda_hogar,10,ciudad,8757,0,0.0,342,0,0,10150.0,240351.0
vivienda_hogar,10,conglomerado,8757,0,0.0,907,0,0,2.0,907801.0
vivienda_hogar,10,panelm,8757,0,0.0,4,0,0,52.0,74.0
vivienda_hogar,10,vivienda,8757,0,0.0,10,0,0,1.0,10.0
vivienda_hogar,10,hogar,8757,0,0.0,3,0,0,1.0,3.0
vivienda_hogar,10,vi01,8757,0,0.0,6,0,0,1.0,6.0
vivienda_hogar,10,vi02,8757,0,0.0,5,0,0,1.0,5.0
vivienda_hogar,10,vi03a,8757,0,0.0,6,0,0,1.0,6.0
vivienda_hogar,10,vi03b,8757,0,0.0,3,0,0,1.0,3.0
vivienda_hogar,10,vi04a,8757,0,0.0,8,0,0,1.0,8.0
vivienda_hogar,10,vi04b,8757,0,0.0,3,0,0,1.0,3.0
vivienda_hogar,10,vi05a,8757,0,0.0,7,0,0,1.0,7.0
vivienda_hogar,10,vi05b,8757,0,0.0,3,0,0,1.0,3.0
vivienda_hogar,10,vi06,8757,0,0.0,14,0,0,1.0,14.0
vivienda_hogar,10,vi07,8757,0,0.0,11,0,0,0.0,10.0
vivienda_hogar,10,vi07a,8757,0,0.0,3,0,0,0.0,2.0
vivienda_hogar,10,vi07b,8757,0,0.0,2,0,0,1.0,2.0
vivienda_hogar,10,vi08,8757,0,0.0,4,0,0,1.0,4.0
vivienda_hogar,10,vi09,8757,0,0.0,5,0,0,1.0,5.0
vivienda_hogar,10,vi10,8757,0,0.0,7,0,0,1.0,7.0
vivienda_hogar,10,vi101,8757,8283,94.58718739294278,2,8283,0,1.0,2.0
vivienda_hogar,10,vi102,8757,8283,94.58718739294278,2,8283,0,1.0,2.0
vivienda_hogar,10,vi10a,8757,0,0.0,4,0,0,1.0,4.0
vivienda_hogar,10,vi11,8757,0,0.0,3,0,0,1.0,3.0
vivienda_hogar,10,vi12,8757,0,0.0,4,0,0,1.0,4.0
vivienda_hogar,10,vi13,8757,0,0.0,4,0,0,1.0,4.0
vivienda_hogar,10,vi14,8757,0,0.0,6,0,0,1.0,6.0
vivienda_hogar,10,estrato,8757,0,0.0,150,0,0,111.0,2913.0
vivienda_hogar,10,fexp,8757,0,0.0,1288,0,0,0.97525416676942,1275.06159691085
vivienda_hogar,10,upm,8757,0,0.0,1288,0,0,10150001002.0,240351000301.0
vivienda_hogar,10,id_vivienda,8757,0,0.0,8742,0,0,1.0150001002068013e+17,2.4035100030107105e+18
vivienda_hogar,10,id_hogar,8757,0,0.0,8757,0,0,1.015000100206801e+18,2.4035100030107107e+19
vivienda_hogar,10,periodo,8757,0,0.0,1,0,0,202510.0,202510.0
vivienda_hogar,10,mes,8757,0,0.0,1,0,0,10.0,10.0
vivienda_hogar,11,area,8767,0,0.0,2,0,0,1.0,2.0
vivienda_hogar,11,ciudad,8767,0,0.0,311,0,0,10150.0,240352.0
vivienda_hogar,11,conglomerado,8767,0,0.0,899,0,0,5.0,909102.0
vivienda_hogar,11,panelm,8767,0,0.0,4,0,0,55.0,75.0
vivienda_hogar,11,vivienda,8767,0,0.0,10,0,0,1.0,10.0
vivienda_hogar,11,hogar,8767,0,0.0,3,0,0,1.0,3.0
vivienda_hogar,11,vi01,8767,0,0.0,6,0,0,1.0,6.0
vivienda_hogar,11,vi02,8767,0,0.0,6,0,0,1.0,7.0
vivienda_hogar,11,vi03a,8767,0,0.0,6,0,0,1.0,6.0
vivienda_hogar,11,vi03b,8767,0,0.0,3,0,0,1.0,3.0
vivienda_hogar,11,vi04a,8767,0,0.0,8,0,0,1.0,8.0
vivienda_hogar,11,vi04b,8767,0,0.0,3,0,0,1.0,3.0
vivienda_hogar,11,vi05a,8767,0,0.0,7,0,0,1.0,7.0
vivienda_hogar,11,vi05b,8767,0,0.0,3,0,0,1.0,3.0
vivienda_hogar,11,vi06,8767,0,0.0,14,0,0,1.0,15.0
vivienda_hogar,11,vi07,8767,0,0.0,12,0,0,0.0,12.0
vivienda_hogar,11,vi07a,8767,0,0.0,4,0,0,0.0,3.0
vivienda_hogar,11,vi07b,8767,0,0.0,2,0,0,1.0,2.0
vivienda_hogar,11,vi08,8767,0,0.0,4,0,0,1.0,4.0
vivienda_hogar,11,vi09,8767,0,0.0,5,0,0,1.0,5.0
vivienda_hogar,11,vi10,8767,0,0.0,7,0,0,1.0,7.0
vivienda_hogar,11,vi101,8767,8244,94.034447359416,2,8244,0,1.0,2.0
vivienda_hogar,11,vi102,8767,8244,94.034447359416,2,8244,0,1.0,2.0
vivienda_hogar,11,vi10a,8767,0,0.0,4,0,0,1.0,4.0
vivienda_hogar,11,vi11,8767,0,0.0,3,0,0,1.0,3.0
vivienda_hogar,11,vi12,8767,0,0.0,4,0,0,1.0,4.0
vivienda_hogar,11,vi13,8767,0,0.0,4,0,0,1.0,4.0
vivienda_hogar,11,vi14,8767,0,0.0,6,0,0,1.0,6.0
vivienda_hogar,11,estrato,8767,0,0.0,150,0,0,111.0,2913.0
vivienda_hogar,11,fexp,8767,0,0.0,1287,0,0,0.858394750623046,1658.50999011802
vivienda_hogar,11,upm,8767,0,0.0,1288,0,0,10150000301.0,240352002204.0
vivienda_hogar,11,id_vivienda,8767,0,0.0,8733,0,0,1.0150000301069011e+17,2.403520022040721e+18
vivienda_hogar,11,id_hogar,8767,0,0.0,8767,0,0,1.015000030106901e+18,2.403520022040721e+19
vivienda_hogar,11,periodo,8767,0,0.0,1,0,0,202511.0,202511.0
vivienda_hogar,11,mes,8767,0,0.0,1,0,0,11.0,11.0
vivienda_hogar,12,area,8748,0,0.0,2,0,0,1.0,2.0
vivienda_hogar,12,ciudad,8748,0,0.0,278,0,0,10150.0,240352.0
vivienda_hogar,12,conglomerado,8748,0,0.0,910,0,0,12.0,908501.0
vivienda_hogar,12,panelm,8748,0,0.0,4,0,0,58.0,76.0
vivienda_hogar,12,vivienda,8748,0,0.0,10,0,0,1.0,10.0
vivienda_hogar,12,hogar,8748,0,0.0,5,0,0,1.0,5.0
vivienda_hogar,12,vi01,8748,0,0.0,6,0,0,1.0,6.0
vivienda_hogar,12,vi02,8748,0,0.0,6,0,0,1.0,7.0
vivienda_hogar,12,vi03a,8748,0,0.0,6,0,0,1.0,6.0
vivienda_hogar,12,vi03b,8748,0,0.0,3,0,0,1.0,3.0
vivienda_hogar,12,vi04a,8748,0,0.0,8,0,0,1.0,8.0
vivienda_hogar,12,vi04b,8748,0,0.0,3,0,0,1.0,3.0
vivienda_hogar,12,vi05a,8748,0,0.0,7,0,0,1.0,7.0
vivienda_hogar,12,vi05b,8748,0,0.0,3,0,0,1.0,3.0
vivienda_hogar,12,vi06,8748,0,0.0,12,0,0,1.0,12.0
vivienda_hogar,12,vi07,8748,0,0.0,11,0,0,0.0,10.0
vivienda_hogar,12,vi07a,8748,0,0.0,3,0,0,0.0,2.0
vivienda_hogar,12,vi07b,8748,0,0.0,2,0,0,1.0,2.0
vivienda_hogar,12,vi08,8748,0,0.0,4,0,0,1.0,4.0
vivienda_hogar,12,vi09,8748,0,0.0,5,0,0,1.0,5.0
vivienda_hogar,12,vi10,8748,0,0.0,7,0,0,1.0,7.0
vivienda_hogar,12,vi101,8748,8309,94.9817101051669,2,8309,0,1.0,2.0
vivienda_hogar,12,vi102,8748,8309,94.9817101051669,2,8309,0,1.0,2.0
vivienda_hogar,12,vi10a,8748,0,0.0,4,0,0,1.0,4.0
vivienda_hogar,12,vi11,8748,0,0.0,3,0,0,1.0,3.0
vivienda_hogar,12,vi12,8748,0,0.0,4,0,0,1.0,4.0
vivienda_hogar,12,vi13,8748,0,0.0,4,0,0,1.0,4.0
vivienda_hogar,12,vi14,8748,0,0.0,7,0,0,1.0,7.0
vivienda_hogar,12,estrato,8748,0,0.0,150,0,0,111.0,2913.0
vivienda_hogar,12,fexp,8748,0,0.0,1288,0,0,1.1522825901481,4819.20396602893
vivienda_hogar,12,upm,8748,0,0.0,1288,0,0,10150000801.0,240352002501.0
vivienda_hogar,12,id_vivienda,8748,0,0.0,8713,0,0,1.0150000801058013e+17,2.4035200250105805e+18
vivienda_hogar,12,id_hogar,8748,0,0.0,8748,0,0,1.015000080105801e+18,2.4035200250105807e+19
vivienda_hogar,12,periodo,8748,0,0.0,1,0,0,202512.0,202512.0
vivienda_hogar,12,mes,8748,0,0.0,1,0,0,12.0,12.0
